,Configuration,Tasks Analyzed,Raw Dis Mean,Raw Err Mean,Errors (Err > 0),Error Rate (Errors / Total),Detected Errors (Err > 0 and Dis > 0),Detection Rate (Detected / Errors),Confident (Dis = 0),Confident Rate (Confident / Total),Confident Errors (Err > 0 and Dis = 0),Confident Error Rate (Confident Errors / Confident),Error Mean When Confident,Raw Dis Std,Raw Dis min,Raw Dis Max,Raw Err Std,Raw Err min,Raw Err Max,RÂ² (Err vs Dis),Spearman Rho err vs. diss,Unconfident Spearman Rho err vs. diss,no_candidates,threshold,model
0,ministral_8b_temp0.6_1_candidate,411,0.0,0.3832214111922141,259,0.6301703163017032,0,0.0,411,1.0,259,0.6301703163017032,0.3832214111922141,0.0,0.0,0.0,0.42552286671948847,0.0,1.0,-0.8110613857728919,,,1,1,ministral_8b
1,ministral_8b_temp0.6_2_candidate,410,0.16396097560975606,0.37704390243902436,273,0.6658536585365854,120,0.43956043956043955,290,0.7073170731707317,153,0.5275862068965518,0.29336551724137927,0.33178705106978595,0.0,1.0,0.40578872073710215,0.0,1.0,-0.3140031235485339,0.3949220941787547,0.3924133235563585,2,2,ministral_8b
2,ministral_8b_temp0.6_3_candidate,408,0.1629387254901961,0.3758382352941176,276,0.6764705882352942,148,0.5362318840579711,259,0.6348039215686274,128,0.4942084942084942,0.2578803088803089,0.27848654114404814,0.0,1.0,0.4002107328582344,0.0,1.0,-0.1306098888365903,0.47817013353311216,0.4025671380782563,3,3,ministral_8b
3,ministral_8b_temp0.6_4_candidate,408,0.15985049019607842,0.37479166666666663,285,0.6985294117647058,168,0.5894736842105263,240,0.5882352941176471,117,0.4875,0.25299583333333336,0.2592483473196984,0.0,0.963,0.3980211569767916,0.0,1.0,-0.09620256903950208,0.49510025122254664,0.48764904568237677,4,4,ministral_8b
4,ministral_8b_temp0.6_5_candidate,408,0.16453676470588235,0.37209313725490195,289,0.7083333333333334,183,0.6332179930795848,224,0.5490196078431373,106,0.4732142857142857,0.24161607142857142,0.25380666298930804,0.0,0.932,0.396202421714596,0.0,1.0,-0.03717249106931497,0.5204461931193441,0.5538260890760149,5,5,ministral_8b
5,ministral_8b_temp0.6_6_candidate,408,0.16287745098039216,0.37159803921568624,289,0.7083333333333334,189,0.6539792387543253,218,0.5343137254901961,100,0.45871559633027525,0.23105045871559632,0.2464843483902084,0.0,0.96,0.3951548470326667,0.0,1.0,-0.016210177294468053,0.5413103061172297,0.5375275848928445,6,6,ministral_8b
6,ministral_8b_temp0.6_7_candidate,408,0.16105392156862747,0.3715073529411764,290,0.7107843137254902,194,0.6689655172413793,213,0.5220588235294118,96,0.4507042253521127,0.22491549295774646,0.23734355432313503,0.0,0.944,0.39514876194109644,0.0,1.0,-0.004539545802761502,0.5578232105509536,0.5530236083135615,7,7,ministral_8b
7,ministral_8b_temp0.6_8_candidate,408,0.16199019607843138,0.37063970588235295,292,0.7156862745098039,201,0.6883561643835616,205,0.5024509803921569,91,0.44390243902439025,0.2223170731707317,0.23375049523269503,0.0,0.912,0.39388882562577815,0.0,1.0,0.015391320236535888,0.5648022986651575,0.587522009176425,8,8,ministral_8b
8,ministral_8b_temp0.6_9_candidate,408,0.16273284313725492,0.37245833333333334,293,0.7181372549019608,204,0.6962457337883959,202,0.4950980392156863,89,0.4405940594059406,0.21618811881188119,0.2317627562742516,0.0,0.908,0.39341280548399904,0.0,1.0,0.018326500108981736,0.5774386703133704,0.5716005020421103,9,9,ministral_8b
9,ministral_8b_temp0.6_10_candidate,407,0.16408599508599508,0.37409828009828006,297,0.7297297297297297,209,0.7037037037037037,198,0.4864864864864865,88,0.4444444444444444,0.2106969696969697,0.2332600176800311,0.0,0.928,0.39346485835920175,0.0,1.0,0.030089809681613455,0.589202199028382,0.5680946685152376,10,10,ministral_8b
10,ministral_8b_temp0.6_11_candidate,407,0.16272727272727275,0.37413022113022115,295,0.7248157248157249,210,0.711864406779661,196,0.48157248157248156,85,0.4336734693877551,0.21659183673469387,0.23027404209993702,0.0,0.896,0.3934210881175878,0.0,1.0,0.02645507240467182,0.5828986834708322,0.5960748142563435,11,11,ministral_8b
11,ministral_8b_temp0.6_12_candidate,406,0.16386206896551722,0.3732019704433497,297,0.7315270935960592,214,0.7205387205387206,189,0.46551724137931033,83,0.43915343915343913,0.22130687830687829,0.23053735833020028,0.0,0.904,0.3924991589160567,0.0,1.0,0.019348646125429303,0.5732844489812193,0.6090042156405215,12,12,ministral_8b
12,ministral_8b_temp0.6_13_candidate,406,0.16473152709359606,0.3753103448275863,300,0.7389162561576355,215,0.7166666666666667,190,0.46798029556650245,85,0.4473684210526316,0.21633157894736843,0.2307753035534355,0.0,0.889,0.3924127680560084,0.0,1.0,0.01853192110756574,0.5818103393124596,0.5899740214292242,13,13,ministral_8b
13,ministral_8b_temp0.6_14_candidate,406,0.16557881773399014,0.37521428571428567,300,0.7389162561576355,219,0.73,186,0.458128078817734,81,0.43548387096774194,0.2038279569892473,0.2291669803255012,0.0,0.898,0.392292725092437,0.0,1.0,0.0268935498409002,0.5970293313354407,0.5575121564025367,14,14,ministral_8b
14,ministral_8b_temp0.6_15_candidate,406,0.16559359605911328,0.3749137931034483,300,0.7389162561576355,219,0.73,186,0.458128078817734,81,0.43548387096774194,0.20538709677419353,0.22961592446272386,0.0,0.865,0.391993471541214,0.0,1.0,0.02855858832420166,0.5963218829308761,0.5687510418132374,15,15,ministral_8b
15,ministral_8b_temp0.6_16_candidate,405,0.16563456790123454,0.3742740740740741,300,0.7407407407407407,221,0.7366666666666667,184,0.454320987654321,79,0.42934782608695654,0.20529891304347825,0.22979661386393796,0.0,0.865,0.3927394593214352,0.0,1.0,0.030686605922357058,0.5955866664560585,0.5692603674668184,16,16,ministral_8b
16,ministral_8b_temp0.6_17_candidate,405,0.16617530864197527,0.3737358024691358,300,0.7407407407407407,222,0.74,183,0.45185185185185184,78,0.4262295081967213,0.20571038251366122,0.22996227577414893,0.0,0.876,0.39159228838566457,0.0,1.0,0.02302577145395812,0.5933915030011473,0.5582581183114883,17,17,ministral_8b
17,ministral_8b_temp0.6_18_candidate,405,0.16635308641975305,0.3729876543209877,298,0.7358024691358025,224,0.7516778523489933,177,0.43703703703703706,74,0.4180790960451977,0.19863276836158192,0.2300512906237096,0.0,0.87,0.391135488313135,0.0,1.0,0.02668481813449708,0.5959089234916748,0.5498692743976382,18,18,ministral_8b
18,ministral_8b_temp0.6_19_candidate,405,0.16697037037037035,0.3743283950617283,301,0.7432098765432099,225,0.7475083056478405,179,0.4419753086419753,76,0.4245810055865922,0.18957541899441338,0.22864279998784695,0.0,0.878,0.3918646948504849,0.0,1.0,0.038179618391631864,0.6132528425819447,0.5390705804011647,19,19,ministral_8b
19,ministral_8b_temp0.6_20_candidate,405,0.16464691358024688,0.3736740740740741,301,0.7432098765432099,229,0.760797342192691,175,0.43209876543209874,72,0.4114285714285714,0.1931942857142857,0.22601002112952392,0.0,0.876,0.3913099777804834,0.0,1.0,0.024814166838480367,0.6085709704967341,0.5466404839519564,20,20,ministral_8b
20,ministral_8b_temp0.6_21_candidate,405,0.1656074074074074,0.37409876543209875,303,0.7481481481481481,230,0.759075907590759,175,0.43209876543209874,73,0.41714285714285715,0.1991028571428571,0.22680041031261347,0.0,0.888,0.3916628054951764,0.0,1.0,0.02689281209998695,0.6050298112429198,0.5698259370880504,21,21,ministral_8b
21,ministral_8b_temp0.6_22_candidate,405,0.16442222222222216,0.37357777777777784,301,0.7432098765432099,231,0.7674418604651163,172,0.4246913580246914,70,0.4069767441860465,0.19656976744186047,0.22605197042568181,0.0,0.855,0.3922148403460205,0.0,1.0,0.024729045166187458,0.6060711527836852,0.5649971445576225,22,22,ministral_8b
22,ministral_8b_temp0.6_23_candidate,405,0.1649753086419753,0.37258271604938276,303,0.7481481481481481,232,0.7656765676567657,172,0.4246913580246914,71,0.4127906976744186,0.19597093023255815,0.22684465644085366,0.0,0.879,0.3915117029265224,0.0,1.0,0.03864454231782599,0.6081874567890666,0.5768868072106598,23,23,ministral_8b
23,ministral_8b_temp0.6_24_candidate,405,0.1627604938271605,0.37322469135802466,306,0.7555555555555555,233,0.761437908496732,172,0.4246913580246914,73,0.42441860465116277,0.19601744186046513,0.224767401133042,0.0,0.874,0.3919717820313796,0.0,1.0,0.025355685870469546,0.6067378535534765,0.5639793863625612,24,24,ministral_8b
24,ministral_8b_temp0.6_25_candidate,405,0.16263703703703702,0.37316543209876546,305,0.7530864197530864,235,0.7704918032786885,167,0.4123456790123457,70,0.41916167664670656,0.2021437125748503,0.22357088330734345,0.0,0.848,0.3909875307160454,0.0,1.0,0.023080536261919637,0.5974230410866309,0.5921021884181809,25,25,ministral_8b
25,ministral_8b_temp0.6_26_candidate,404,0.16195792079207916,0.372039603960396,306,0.7574257425742574,236,0.7712418300653595,167,0.41336633663366334,70,0.41916167664670656,0.20020359281437125,0.22180255181515945,0.0,0.865,0.39168879520981,0.0,1.0,0.030835546365326816,0.6054583942979047,0.5966351420647442,26,26,ministral_8b
26,ministral_8b_temp0.6_27_candidate,405,0.16314814814814815,0.37303456790123457,303,0.7481481481481481,234,0.7722772277227723,171,0.4222222222222222,69,0.40350877192982454,0.19481286549707605,0.22443175492792333,0.0,0.887,0.3914479153220751,0.0,1.0,0.0330421038807347,0.610890043445827,0.5750434210267183,27,27,ministral_8b
27,ministral_8b_temp0.6_28_candidate,404,0.16100247524752473,0.3729603960396039,305,0.754950495049505,233,0.7639344262295082,170,0.4207920792079208,72,0.4235294117647059,0.1966470588235294,0.2221741968731954,0.0,0.883,0.39092059842519233,0.0,1.0,0.028211322528743144,0.6092616916108925,0.5837729466361976,28,28,ministral_8b
28,ministral_8b_temp0.6_29_candidate,404,0.16267574257425743,0.3721831683168317,306,0.7574257425742574,240,0.7843137254901961,162,0.400990099009901,66,0.4074074074074074,0.2011604938271605,0.22309770382319327,0.0,0.868,0.39085210430476985,0.0,1.0,0.024898168343119198,0.603265371032128,0.5954099403083712,29,29,ministral_8b
29,ministral_8b_temp0.6_30_candidate,404,0.16163118811881189,0.3715519801980198,308,0.7623762376237624,243,0.788961038961039,159,0.3935643564356436,65,0.4088050314465409,0.1920251572327044,0.22188497179951047,0.0,0.872,0.3911330706821239,0.0,1.0,0.027725409948330726,0.6140372166676755,0.5828089341670347,30,30,ministral_8b
30,ministral_8b_temp0.6_31_candidate,404,0.16187128712871285,0.37245297029702973,305,0.754950495049505,241,0.7901639344262295,161,0.39851485148514854,64,0.39751552795031053,0.19014906832298137,0.22175557025235523,0.0,0.868,0.39179749551417165,0.0,1.0,0.03035292660956379,0.616073915000448,0.5723112087270443,31,31,ministral_8b
31,ministral_8b_temp0.6_32_candidate,404,0.1629381188118812,0.37194059405940594,309,0.7648514851485149,245,0.7928802588996764,159,0.3935643564356436,64,0.4025157232704403,0.19235849056603774,0.22262553168681568,0.0,0.864,0.3911123277353678,0.0,1.0,0.030499148353490324,0.615426383658018,0.5806367767193054,32,32,ministral_8b
32,ministral_8b_temp0.6_33_candidate,403,0.16241191066997518,0.37246898263027295,307,0.7617866004962779,243,0.7915309446254072,158,0.3920595533498759,64,0.4050632911392405,0.19281645569620254,0.22187583780475117,0.0,0.877,0.3911788836492952,0.0,1.0,0.026859840803354573,0.6126943815066445,0.5796874717434147,33,33,ministral_8b
33,ministral_8b_temp0.6_34_candidate,403,0.16219106699751862,0.37265756823821333,309,0.7667493796526055,243,0.7864077669902912,159,0.3945409429280397,66,0.41509433962264153,0.1919748427672956,0.2207781989264203,0.0,0.858,0.39144610289921117,0.0,1.0,0.030723112308081335,0.6149687798084944,0.582307595055705,34,34,ministral_8b
34,ministral_8b_temp0.6_35_candidate,403,0.16290570719602976,0.3723722084367246,307,0.7617866004962779,244,0.7947882736156352,157,0.38957816377171217,63,0.4012738853503185,0.19589171974522293,0.22242372555442974,0.0,0.869,0.3906932509009969,0.0,1.0,0.02839167544553922,0.6106904997195459,0.5878374207689328,35,35,ministral_8b
35,ministral_8b_temp0.6_36_candidate,402,0.16083333333333333,0.37165920398009944,307,0.763681592039801,242,0.7882736156351792,160,0.39800995024875624,65,0.40625,0.1910125,0.21971789824519736,0.0,0.857,0.39116813931007555,0.0,1.0,0.023850556616090812,0.6153283315125061,0.5703220332457376,36,36,ministral_8b
36,ministral_8b_temp0.6_37_candidate,403,0.1623200992555831,0.3731637717121588,307,0.7617866004962779,244,0.7947882736156352,158,0.3920595533498759,63,0.3987341772151899,0.19320886075949367,0.22108105531758607,0.0,0.849,0.39130777486226875,0.0,1.0,0.0250747926632946,0.6140271586686226,0.5797313670671803,37,37,ministral_8b
37,ministral_8b_temp0.6_38_candidate,403,0.16307940446650124,0.37324565756823824,308,0.7642679900744417,244,0.7922077922077922,155,0.38461538461538464,64,0.4129032258064516,0.19818709677419355,0.2220057309247152,0.0,0.861,0.3911256855989358,0.0,1.0,0.031402708768331844,0.6105841547911397,0.6035845155805853,38,38,ministral_8b
38,ministral_8b_temp0.6_39_candidate,402,0.16218407960199008,0.3716890547263681,307,0.763681592039801,241,0.7850162866449512,158,0.39303482587064675,66,0.4177215189873418,0.19324050632911394,0.22143649279998057,0.0,0.862,0.3904081552569647,0.0,1.0,0.03261409843394236,0.6125329565419754,0.5864429276055688,39,39,ministral_8b
39,ministral_8b_temp0.6_40_candidate,402,0.16254477611940296,0.3723407960199005,312,0.7761194029850746,248,0.7948717948717948,154,0.38308457711442784,64,0.4155844155844156,0.19292207792207794,0.2212508183307229,0.0,0.86,0.39040549882117964,0.0,1.0,0.03560306768625687,0.6180457017958597,0.5967669204592703,40,40,ministral_8b
40,ministral_8b_temp0.6_41_candidate,403,0.1643622828784119,0.373106699751861,311,0.771712158808933,247,0.7942122186495176,156,0.3870967741935484,64,0.41025641025641024,0.1903782051282051,0.22205415423082187,0.0,0.857,0.39099474973758785,0.0,1.0,0.040793756872041564,0.6225532026141356,0.5946718654673686,41,41,ministral_8b
41,ministral_8b_temp0.6_42_candidate,402,0.16329353233830848,0.37129850746268656,309,0.7686567164179104,247,0.7993527508090615,153,0.3805970149253731,62,0.40522875816993464,0.19364705882352942,0.22144544021721294,0.0,0.849,0.3896119774632794,0.0,1.0,0.03637626819570905,0.6177020166858516,0.6045739263733461,42,42,ministral_8b
42,ministral_8b_temp0.6_43_candidate,402,0.1637587064676617,0.37116417910447763,307,0.763681592039801,245,0.7980456026058632,151,0.3756218905472637,62,0.4105960264900662,0.19626490066225166,0.22192666976403633,0.0,0.859,0.38895575585199377,0.0,1.0,0.03541754604415448,0.6127714564711481,0.613579927185778,43,43,ministral_8b
43,ministral_8b_temp0.6_44_candidate,402,0.16321641791044775,0.37123134328358215,310,0.7711442786069652,248,0.8,153,0.3805970149253731,62,0.40522875816993464,0.19379738562091503,0.22108549578583878,0.0,0.861,0.3904455978599904,0.0,1.0,0.037188653316472586,0.617208680490189,0.6073332152420368,44,44,ministral_8b
44,ministral_8b_temp0.6_45_candidate,402,0.16270895522388062,0.37171890547263686,312,0.7761194029850746,248,0.7948717948717948,154,0.38308457711442784,64,0.4155844155844156,0.1924220779220779,0.22024772883983948,0.0,0.87,0.3896453523242087,0.0,1.0,0.03345858233837706,0.617880228080193,0.5964620389224607,45,45,ministral_8b
45,ministral_8b_temp0.6_46_candidate,402,0.1636318407960199,0.37203482587064673,310,0.7711442786069652,251,0.8096774193548387,149,0.3706467661691542,59,0.3959731543624161,0.19843624161073825,0.22268798594820108,0.0,0.85,0.38948701276874037,0.0,1.0,0.03155412495694998,0.6150418106850865,0.6206670715117749,46,46,ministral_8b
46,ministral_8b_temp0.6_47_candidate,402,0.16352238805970146,0.3719850746268657,310,0.7711442786069652,249,0.8032258064516129,150,0.373134328358209,61,0.4066666666666667,0.19713999999999998,0.222431029606057,0.0,0.844,0.3902399310133866,0.0,1.0,0.03401869355869824,0.6128597225770971,0.6106235971265618,47,47,ministral_8b
47,ministral_8b_temp0.6_48_candidate,402,0.16315671641791044,0.3720373134328358,311,0.7736318407960199,247,0.7942122186495176,153,0.3805970149253731,64,0.41830065359477125,0.1938888888888889,0.222295515779079,0.0,0.844,0.38988452953265756,0.0,1.0,0.02884670559158775,0.6144553549573988,0.5957574121482077,48,48,ministral_8b
48,ministral_8b_temp0.6_49_candidate,403,0.16333746898263024,0.3719354838709677,310,0.7692307692307693,250,0.8064516129032258,151,0.3746898263027295,60,0.3973509933774834,0.1965298013245033,0.22311096230194774,0.0,0.839,0.3895763504248863,0.0,1.0,0.029523753727884516,0.613743571392824,0.6066438781744675,49,49,ministral_8b
49,ministral_8b_temp0.6_50_candidate,402,0.16264676616915422,0.37245024875621896,310,0.7711442786069652,248,0.8,151,0.3756218905472637,62,0.4105960264900662,0.19624503311258276,0.22174451840973705,0.0,0.836,0.3893110495425965,0.0,1.0,0.02561802771623234,0.6126708222204196,0.6072823158411861,50,50,ministral_8b
50,deepseek_v3_0324_temp0.6_1_candidate,411,0.0,0.24882725060827252,210,0.5109489051094891,0,0.0,411,1.0,210,0.5109489051094891,0.24882725060827252,0.0,0.0,0.0,0.36911477169465207,0.0,1.0,-0.4544363159548883,,,1,1,deepseek_v3_0324
51,deepseek_v3_0324_temp0.6_2_candidate,411,0.1269075425790754,0.261367396593674,231,0.5620437956204379,97,0.4199134199134199,312,0.7591240875912408,134,0.42948717948717946,0.1944070512820513,0.29240597917696204,0.0,1.0,0.35193978804828313,0.0,1.0,-0.15732370879783097,0.47135383094555866,0.5728121615524163,2,2,deepseek_v3_0324
52,deepseek_v3_0324_temp0.6_3_candidate,411,0.12125547445255476,0.26271046228710465,242,0.5888077858880778,129,0.5330578512396694,280,0.681265206812652,113,0.4035714285714286,0.17633214285714285,0.2339855474937867,0.0,1.0,0.3431234040776297,0.0,1.0,-0.04506243669581944,0.5320093131225455,0.5002095710374725,3,3,deepseek_v3_0324
53,deepseek_v3_0324_temp0.6_4_candidate,411,0.11945255474452554,0.2628126520681265,254,0.6180048661800487,153,0.6023622047244095,258,0.6277372262773723,101,0.39147286821705424,0.17711627906976743,0.21660300295156082,0.0,1.0,0.34079139531351216,0.0,1.0,-0.056084645309098624,0.5451216343459943,0.5220715245839862,4,4,deepseek_v3_0324
54,deepseek_v3_0324_temp0.6_5_candidate,410,0.11757073170731708,0.2605585365853659,256,0.624390243902439,161,0.62890625,249,0.6073170731707317,95,0.3815261044176707,0.17055020080321284,0.20515430509610225,0.0,0.925,0.3391166829016949,0.0,1.0,-0.023090534996062395,0.5668070026192822,0.5399605582659582,5,5,deepseek_v3_0324
55,deepseek_v3_0324_temp0.6_6_candidate,409,0.11817359413202935,0.2624718826405868,253,0.6185819070904646,167,0.6600790513833992,241,0.589242053789731,86,0.35684647302904565,0.173448132780083,0.19707658443870488,0.0,0.938,0.33978097334181456,0.0,1.0,-0.006458265080957704,0.5682758495340889,0.5641226052890395,6,6,deepseek_v3_0324
56,deepseek_v3_0324_temp0.6_7_candidate,408,0.11672303921568629,0.26541421568627455,256,0.6274509803921569,173,0.67578125,232,0.5686274509803921,83,0.3577586206896552,0.172125,0.18919281392733595,0.0,0.888,0.34124265056205993,0.0,1.0,-0.0065756629449689186,0.5724335771935603,0.5731256097454929,7,7,deepseek_v3_0324
57,deepseek_v3_0324_temp0.6_8_candidate,408,0.1139485294117647,0.2658063725490196,261,0.6397058823529411,180,0.6896551724137931,226,0.553921568627451,81,0.3584070796460177,0.1710575221238938,0.1835050749893773,0.0,0.843,0.34295028259492605,0.0,1.0,-0.007404613793891679,0.5781793505317627,0.5634530302535914,8,8,deepseek_v3_0324
58,deepseek_v3_0324_temp0.6_9_candidate,408,0.11949019607843137,0.26666666666666666,262,0.6421568627450981,192,0.732824427480916,211,0.5171568627450981,70,0.33175355450236965,0.15959715639810426,0.18197934030004612,0.0,0.899,0.34048683667318536,0.0,1.0,0.016824128142055028,0.6015677829737172,0.5551828144716092,9,9,deepseek_v3_0324
59,deepseek_v3_0324_temp0.6_10_candidate,408,0.11851715686274511,0.26594117647058824,266,0.6519607843137255,197,0.7406015037593985,209,0.5122549019607843,69,0.33014354066985646,0.15548803827751195,0.17848748981194046,0.0,0.893,0.3396124253924889,0.0,1.0,0.02643344872773945,0.6111847400898488,0.5388016405244257,10,10,deepseek_v3_0324
60,deepseek_v3_0324_temp0.6_11_candidate,408,0.1153357843137255,0.2653627450980392,267,0.6544117647058824,198,0.7415730337078652,208,0.5098039215686274,69,0.3317307692307692,0.1585096153846154,0.17370547107177484,0.0,0.93,0.3395953269158053,0.0,1.0,0.019956334553301813,0.6101301187738962,0.5741366166048826,11,11,deepseek_v3_0324
61,deepseek_v3_0324_temp0.6_12_candidate,408,0.11234803921568627,0.2648333333333333,269,0.6593137254901961,200,0.7434944237918215,208,0.5098039215686274,69,0.3317307692307692,0.15929807692307693,0.17037666301485332,0.0,0.877,0.3399605681670989,0.0,1.0,0.006897731427886744,0.6098281041980202,0.578073297970976,12,12,deepseek_v3_0324
62,deepseek_v3_0324_temp0.6_13_candidate,408,0.10987254901960786,0.26383823529411765,269,0.6593137254901961,200,0.7434944237918215,206,0.5049019607843137,69,0.33495145631067963,0.1536019417475728,0.16829419103652912,0.0,0.909,0.34088041763395205,0.0,1.0,0.012550498066404736,0.6119862162621752,0.539665506536588,13,13,deepseek_v3_0324
63,deepseek_v3_0324_temp0.6_14_candidate,408,0.10866421568627452,0.2636838235294118,266,0.6519607843137255,201,0.7556390977443609,204,0.5,65,0.31862745098039214,0.15447549019607842,0.16778662188681423,0.0,0.924,0.34082249927613584,0.0,1.0,0.014076138030436947,0.6099221659498246,0.5515004306717782,14,14,deepseek_v3_0324
64,deepseek_v3_0324_temp0.6_15_candidate,408,0.106703431372549,0.26386519607843134,267,0.6544117647058824,203,0.7602996254681648,200,0.49019607843137253,64,0.32,0.15287499999999998,0.16447303786427767,0.0,0.919,0.3407867252725968,0.0,1.0,0.0031857957764953593,0.6112143388755255,0.5494513152738987,15,15,deepseek_v3_0324
65,deepseek_v3_0324_temp0.6_16_candidate,408,0.10592156862745099,0.26255882352941173,271,0.6642156862745098,208,0.7675276752767528,198,0.4852941176470588,63,0.3181818181818182,0.15232828282828284,0.16278862369767289,0.0,0.898,0.3402121043577919,0.0,1.0,0.006295161352415479,0.6163809062578259,0.5543717026826589,16,16,deepseek_v3_0324
66,deepseek_v3_0324_temp0.6_17_candidate,408,0.10565196078431373,0.26355882352941173,272,0.6666666666666666,205,0.7536764705882353,198,0.4852941176470588,67,0.3383838383838384,0.15473232323232322,0.16376710042749684,0.0,0.909,0.3408681339977184,0.0,1.0,0.002139912000446831,0.6090011813530732,0.5694903549288476,17,17,deepseek_v3_0324
67,deepseek_v3_0324_temp0.6_18_candidate,408,0.10268382352941176,0.2618259803921568,273,0.6691176470588235,210,0.7692307692307693,196,0.4803921568627451,63,0.32142857142857145,0.15346938775510202,0.160591310942051,0.0,0.922,0.340269316075185,0.0,1.0,-0.001260667324325837,0.6198480925201398,0.5952952809592996,18,18,deepseek_v3_0324
68,deepseek_v3_0324_temp0.6_19_candidate,407,0.10075429975429975,0.2605331695331696,273,0.6707616707616708,210,0.7692307692307693,195,0.47911547911547914,63,0.3230769230769231,0.1586820512820513,0.15890013112235404,0.0,0.918,0.3406343529553289,0.0,1.0,-0.006460543514154038,0.6088843161394641,0.616227185066338,19,19,deepseek_v3_0324
69,deepseek_v3_0324_temp0.6_20_candidate,407,0.1005872235872236,0.2597985257985258,271,0.6658476658476659,210,0.7749077490774908,192,0.47174447174447176,61,0.3177083333333333,0.15644270833333332,0.1591726355116712,0.0,0.936,0.3404609733814746,0.0,1.0,-0.00036601670562808053,0.6096686425482156,0.6047770400503617,20,20,deepseek_v3_0324
70,deepseek_v3_0324_temp0.6_21_candidate,406,0.10023399014778327,0.25995320197044336,275,0.6773399014778325,210,0.7636363636363637,193,0.4753694581280788,65,0.33678756476683935,0.15389119170984455,0.15803202246841627,0.0,0.947,0.34060296473070145,0.0,1.0,-0.008254907042409831,0.6142234788594779,0.5987735007935402,21,21,deepseek_v3_0324
71,deepseek_v3_0324_temp0.6_22_candidate,407,0.09830958230958231,0.25978624078624074,274,0.6732186732186732,209,0.7627737226277372,195,0.47911547911547914,65,0.3333333333333333,0.1555025641025641,0.15619855215999004,0.0,0.935,0.341224987933968,0.0,1.0,-0.010629055575674728,0.6048555104675287,0.588482762341995,22,22,deepseek_v3_0324
72,deepseek_v3_0324_temp0.6_23_candidate,407,0.09745454545454546,0.2585577395577396,274,0.6732186732186732,212,0.7737226277372263,192,0.47174447174447176,62,0.3229166666666667,0.15546875000000002,0.15534579727161302,0.0,0.916,0.3411224296677204,0.0,1.0,-0.004611929122039671,0.6138527272889304,0.6151466969323327,23,23,deepseek_v3_0324
73,deepseek_v3_0324_temp0.6_24_candidate,407,0.09694348894348895,0.25811547911547916,277,0.6805896805896806,212,0.7653429602888087,195,0.47911547911547914,65,0.3333333333333333,0.15492307692307694,0.15492304263941123,0.0,0.934,0.3401418029646361,0.0,1.0,-0.00811947300265281,0.6116072640074848,0.5961534407824756,24,24,deepseek_v3_0324
74,deepseek_v3_0324_temp0.6_25_candidate,407,0.09575921375921377,0.2576461916461916,275,0.6756756756756757,213,0.7745454545454545,190,0.4668304668304668,62,0.3263157894736842,0.1537,0.154771023728972,0.0,0.928,0.3403225130713319,0.0,1.0,-0.013391451453069969,0.6115863218098053,0.5878898175585179,25,25,deepseek_v3_0324
75,deepseek_v3_0324_temp0.6_26_candidate,407,0.09677886977886979,0.2574447174447175,277,0.6805896805896806,216,0.779783393501805,189,0.4643734643734644,61,0.32275132275132273,0.1573915343915344,0.15644070944984165,0.0,0.935,0.3405414481411478,0.0,1.0,-0.003923596365605464,0.6136119901608174,0.626227198016099,26,26,deepseek_v3_0324
76,deepseek_v3_0324_temp0.6_27_candidate,407,0.09629975429975429,0.2578058968058968,277,0.6805896805896806,215,0.776173285198556,188,0.4619164619164619,62,0.32978723404255317,0.15661702127659574,0.15703494524921408,0.0,0.92,0.3401696847345485,0.0,1.0,-0.012531619624553736,0.6074527076136537,0.6060105479489479,27,27,deepseek_v3_0324
77,deepseek_v3_0324_temp0.6_28_candidate,407,0.0958108108108108,0.25847911547911545,276,0.6781326781326781,214,0.7753623188405797,190,0.4668304668304668,62,0.3263157894736842,0.1545421052631579,0.1548111033516789,0.0,0.904,0.3405009302050006,0.0,1.0,-0.015290060003789518,0.6119389688770183,0.5977154625437026,28,28,deepseek_v3_0324
78,deepseek_v3_0324_temp0.6_29_candidate,407,0.0947051597051597,0.25843734643734645,275,0.6756756756756757,214,0.7781818181818182,191,0.4692874692874693,61,0.3193717277486911,0.1453089005235602,0.1541831819938254,0.0,0.922,0.3406750638743378,0.0,1.0,-0.01103498311517681,0.6245697184439098,0.5663663680166604,29,29,deepseek_v3_0324
79,deepseek_v3_0324_temp0.6_30_candidate,407,0.09442014742014743,0.2578132678132678,279,0.6855036855036855,216,0.7741935483870968,189,0.4643734643734644,63,0.3333333333333333,0.14700000000000002,0.15399198385907287,0.0,0.906,0.3410985569792855,0.0,1.0,-0.008817662536222404,0.6203758755350243,0.5779987039968342,30,30,deepseek_v3_0324
80,deepseek_v3_0324_temp0.6_31_candidate,407,0.09343734643734643,0.25782800982800985,275,0.6756756756756757,214,0.7781818181818182,188,0.4619164619164619,61,0.324468085106383,0.14498936170212764,0.1521814524752589,0.0,0.932,0.34168956542038187,0.0,1.0,-0.010165650602798726,0.6202505586931859,0.5791331877713318,31,31,deepseek_v3_0324
81,deepseek_v3_0324_temp0.6_32_candidate,407,0.09362899262899263,0.2574004914004914,279,0.6855036855036855,221,0.7921146953405018,183,0.44963144963144963,58,0.31693989071038253,0.1423551912568306,0.15346056466992822,0.0,0.923,0.34121808009186255,0.0,1.0,-0.009739761158276794,0.6299537703866294,0.574249811371804,32,32,deepseek_v3_0324
82,deepseek_v3_0324_temp0.6_33_candidate,407,0.09357739557739557,0.25757739557739556,278,0.683046683046683,220,0.7913669064748201,183,0.44963144963144963,58,0.31693989071038253,0.14401092896174864,0.15346131984333147,0.0,0.934,0.34110840903241785,0.0,1.0,-0.008641960554867767,0.6240982397281072,0.5750421527781665,33,33,deepseek_v3_0324
83,deepseek_v3_0324_temp0.6_34_candidate,407,0.09373218673218674,0.25763882063882065,279,0.6855036855036855,218,0.7813620071684588,186,0.457002457002457,61,0.3279569892473118,0.1436290322580645,0.153852204266387,0.0,0.904,0.34076234776978687,0.0,1.0,-0.013738389114934746,0.6276815603215421,0.5775907077212762,34,34,deepseek_v3_0324
84,deepseek_v3_0324_temp0.6_35_candidate,407,0.09303931203931205,0.2580933660933661,275,0.6756756756756757,220,0.8,184,0.4520884520884521,55,0.29891304347826086,0.14117934782608696,0.1536750406233336,0.0,0.913,0.3413755108967554,0.0,1.0,-0.013198901190497603,0.6345287101757165,0.5765571526990249,35,35,deepseek_v3_0324
85,deepseek_v3_0324_temp0.6_36_candidate,407,0.09400982800982802,0.25817444717444715,279,0.6855036855036855,225,0.8064516129032258,182,0.44717444717444715,54,0.2967032967032967,0.13845054945054946,0.15488275632903273,0.0,0.92,0.3414547092405261,0.0,1.0,-0.008472577295132178,0.6462769039841694,0.5741239319810116,36,36,deepseek_v3_0324
86,deepseek_v3_0324_temp0.6_37_candidate,407,0.09207371007371008,0.2575233415233415,276,0.6781326781326781,223,0.8079710144927537,178,0.43734643734643736,53,0.29775280898876405,0.1423202247191011,0.15330897155245427,0.0,0.924,0.3414597422796418,0.0,1.0,-0.01849300922851249,0.6301577047763218,0.5814782021828709,37,37,deepseek_v3_0324
87,deepseek_v3_0324_temp0.6_38_candidate,407,0.09233906633906636,0.25697051597051596,277,0.6805896805896806,223,0.8050541516245487,180,0.44226044226044225,54,0.3,0.13446666666666668,0.15402251988287075,0.0,0.892,0.34156059551466594,0.0,1.0,-0.018258318898104253,0.639891703587275,0.5534469737918056,38,38,deepseek_v3_0324
88,deepseek_v3_0324_temp0.6_39_candidate,407,0.09144471744471744,0.2568918918918919,278,0.683046683046683,224,0.8057553956834532,182,0.44717444717444715,54,0.2967032967032967,0.13355494505494506,0.15179850949327406,0.0,0.904,0.34107371739248593,0.0,1.0,-0.02095949677515896,0.6445657697089363,0.541938696117482,39,39,deepseek_v3_0324
89,deepseek_v3_0324_temp0.6_40_candidate,407,0.09153808353808354,0.2563292383292383,277,0.6805896805896806,222,0.8014440433212996,180,0.44226044226044225,55,0.3055555555555556,0.13593333333333332,0.15247531044111984,0.0,0.898,0.341093291662068,0.0,1.0,-0.02104427527117725,0.6368675494623662,0.5622043289470496,40,40,deepseek_v3_0324
90,deepseek_v3_0324_temp0.6_41_candidate,407,0.09162162162162162,0.2564226044226044,279,0.6855036855036855,225,0.8064516129032258,181,0.44471744471744473,54,0.2983425414364641,0.13614364640883977,0.15367964805197912,0.0,0.904,0.3409750843356282,0.0,1.0,-0.022412362327854263,0.6368732416809281,0.5331177646188023,41,41,deepseek_v3_0324
91,deepseek_v3_0324_temp0.6_42_candidate,407,0.09151105651105651,0.2567027027027027,277,0.6805896805896806,224,0.8086642599277978,177,0.4348894348894349,53,0.2994350282485876,0.13589265536723164,0.15300051950455154,0.0,0.895,0.341375923215048,0.0,1.0,-0.022353631408791985,0.6351299313621616,0.543180932580378,42,42,deepseek_v3_0324
92,deepseek_v3_0324_temp0.6_43_candidate,407,0.09153562653562652,0.2564029484029484,280,0.687960687960688,226,0.8071428571428572,180,0.44226044226044225,54,0.3,0.13413333333333333,0.1532200264158629,0.0,0.902,0.3411489328568116,0.0,1.0,-0.020481989996078864,0.6420399066906725,0.5363699510944419,43,43,deepseek_v3_0324
93,deepseek_v3_0324_temp0.6_44_candidate,406,0.09039408866995075,0.2556231527093596,279,0.687192118226601,223,0.7992831541218638,179,0.4408866995073892,56,0.3128491620111732,0.14017318435754192,0.1511608524546282,0.0,0.921,0.34082235864685756,0.0,1.0,-0.02478619739024035,0.635725102381058,0.5747273680835842,44,44,deepseek_v3_0324
94,deepseek_v3_0324_temp0.6_45_candidate,406,0.08960591133004925,0.2567413793103448,279,0.687192118226601,225,0.8064516129032258,179,0.4408866995073892,54,0.3016759776536313,0.13246927374301676,0.15016008654323537,0.0,0.896,0.3418763418479537,0.0,1.0,-0.03028895212999827,0.6452354353070422,0.5330695329882947,45,45,deepseek_v3_0324
95,deepseek_v3_0324_temp0.6_46_candidate,406,0.08926108374384235,0.25535221674876846,279,0.687192118226601,225,0.8064516129032258,179,0.4408866995073892,54,0.3016759776536313,0.13765921787709495,0.14975356049060629,0.0,0.895,0.3405669303843823,0.0,1.0,-0.030878842418681218,0.642262903229605,0.5595730884857996,46,46,deepseek_v3_0324
96,deepseek_v3_0324_temp0.6_47_candidate,406,0.08860591133004928,0.2553694581280788,279,0.687192118226601,225,0.8064516129032258,178,0.43842364532019706,54,0.30337078651685395,0.1381123595505618,0.1487109053300092,0.0,0.878,0.3408000677241572,0.0,1.0,-0.0342962198538479,0.6353762148898758,0.548756655284122,47,47,deepseek_v3_0324
97,deepseek_v3_0324_temp0.6_48_candidate,406,0.08855911330049263,0.2557931034482759,278,0.6847290640394089,224,0.8057553956834532,180,0.4433497536945813,54,0.3,0.13115555555555555,0.1500524545499178,0.0,0.9,0.3416423915386964,0.0,1.0,-0.03246417381350275,0.6459191760280845,0.5289748106946799,48,48,deepseek_v3_0324
98,deepseek_v3_0324_temp0.6_49_candidate,406,0.08841133004926108,0.25579802955665026,282,0.6945812807881774,229,0.8120567375886525,177,0.43596059113300495,53,0.2994350282485876,0.13596610169491524,0.14945673631277198,0.0,0.889,0.3415469496479969,0.0,1.0,-0.02961981813832204,0.6506105348758111,0.585723499840847,49,49,deepseek_v3_0324
99,deepseek_v3_0324_temp0.6_50_candidate,406,0.08825615763546799,0.2556847290640394,280,0.6896551724137931,229,0.8178571428571428,175,0.43103448275862066,51,0.2914285714285714,0.13534857142857143,0.14959172153477845,0.0,0.909,0.34186298369231977,0.0,1.0,-0.03149123471193982,0.646475948176839,0.5704693267192056,50,50,deepseek_v3_0324
100,claude_sonnet_4_temp0.6_1_candidate,410,0.0,0.2692829268292683,224,0.5463414634146342,0,0.0,410,1.0,224,0.5463414634146342,0.2692829268292683,0.0,0.0,0.0,0.3768928785525521,0.0,1.0,-0.5104835773394012,,,1,1,claude_sonnet_4
101,claude_sonnet_4_temp0.6_2_candidate,409,0.03555745721271394,0.26570660146699265,228,0.5574572127139364,38,0.16666666666666666,371,0.9070904645476773,190,0.5121293800539084,0.23729110512129378,0.15506964205457097,0.0,1.0,0.3702489705932608,0.0,1.0,-0.3667389126598877,0.293577832810637,0.3629090154815692,2,2,claude_sonnet_4
102,claude_sonnet_4_temp0.6_3_candidate,409,0.03876283618581907,0.2665085574572127,232,0.5672371638141809,54,0.23275862068965517,355,0.8679706601466992,178,0.5014084507042254,0.22890422535211266,0.13144958217157154,0.0,0.785,0.3693035877192639,0.0,1.0,-0.308472538846682,0.3392413145758553,0.43460109839329175,3,3,claude_sonnet_4
103,claude_sonnet_4_temp0.6_4_candidate,409,0.040760391198044005,0.2674376528117359,235,0.5745721271393643,63,0.2680851063829787,346,0.8459657701711492,172,0.49710982658959535,0.22781213872832368,0.13019778558031667,0.0,0.833,0.36629490523930397,0.0,1.0,-0.32006808998636416,0.35221884600505077,0.40246459426333725,4,4,claude_sonnet_4
104,claude_sonnet_4_temp0.6_5_candidate,409,0.04178484107579463,0.2696356968215159,237,0.5794621026894865,72,0.3037974683544304,337,0.823960880195599,165,0.4896142433234421,0.22595845697329375,0.12743103092680236,0.0,0.792,0.366496539204621,0.0,1.0,-0.32152233599160507,0.36985012767745956,0.39032377855638406,5,5,claude_sonnet_4
105,claude_sonnet_4_temp0.6_6_candidate,409,0.04441075794621027,0.26896332518337407,243,0.5941320293398533,82,0.3374485596707819,327,0.7995110024449877,161,0.4923547400611621,0.22383792048929663,0.12858617112679338,0.0,0.852,0.36381356374990376,0.0,1.0,-0.3124760144698431,0.38164396299438885,0.40742899484294665,6,6,claude_sonnet_4
106,claude_sonnet_4_temp0.6_7_candidate,409,0.04440586797066015,0.26875061124694377,242,0.5916870415647921,85,0.3512396694214876,323,0.7897310513447433,157,0.48606811145510836,0.22108668730650155,0.12624438427963416,0.0,0.827,0.36358634897335335,0.0,1.0,-0.3053562755898591,0.3835561478566785,0.3955851162045416,7,7,claude_sonnet_4
107,claude_sonnet_4_temp0.6_8_candidate,409,0.044166259168704154,0.26751344743276284,242,0.5916870415647921,89,0.3677685950413223,320,0.78239608801956,153,0.478125,0.21717499999999998,0.12497454698683103,0.0,0.85,0.36373698205909044,0.0,1.0,-0.2976121516806962,0.3971358734484912,0.3774275986495996,8,8,claude_sonnet_4
108,claude_sonnet_4_temp0.6_9_candidate,409,0.044911980440097796,0.26831295843520786,246,0.6014669926650367,94,0.3821138211382114,314,0.7677261613691931,152,0.4840764331210191,0.21557643312101912,0.1223127262818685,0.0,0.835,0.36324600816556246,0.0,1.0,-0.29766282964136037,0.40801801658807285,0.3680514208730149,9,9,claude_sonnet_4
109,claude_sonnet_4_temp0.6_10_candidate,409,0.04521760391198044,0.26930317848410756,244,0.5965770171149144,98,0.4016393442622951,311,0.7603911980440098,146,0.4694533762057878,0.2149646302250804,0.12191156393531184,0.0,0.808,0.36359164070140726,0.0,1.0,-0.2993722111992123,0.41511699893000503,0.3495991105410993,10,10,claude_sonnet_4
110,claude_sonnet_4_temp0.6_11_candidate,409,0.04555256723716381,0.2691173594132029,242,0.5916870415647921,102,0.4214876033057851,307,0.7506112469437652,140,0.4560260586319218,0.2103973941368078,0.12244608733111992,0.0,0.809,0.36310089515918154,0.0,1.0,-0.2959670321878032,0.4338029244950896,0.36121232540974574,11,11,claude_sonnet_4
111,claude_sonnet_4_temp0.6_12_candidate,409,0.04802444987775061,0.26735207823960877,246,0.6014669926650367,109,0.44308943089430897,300,0.7334963325183375,137,0.45666666666666667,0.20376,0.12314945851791156,0.0,0.793,0.3618772006009107,0.0,1.0,-0.2746274856182507,0.447069283925559,0.37887180068389165,12,12,claude_sonnet_4
112,claude_sonnet_4_temp0.6_13_candidate,409,0.05025427872860636,0.2673667481662592,245,0.5990220048899756,112,0.45714285714285713,295,0.7212713936430318,133,0.45084745762711864,0.19875254237288134,0.1250462951435397,0.0,0.784,0.36091131254122866,0.0,1.0,-0.25688171856496034,0.45737293159108083,0.3937843437301459,13,13,claude_sonnet_4
113,claude_sonnet_4_temp0.6_14_candidate,409,0.05040342298288509,0.2665550122249389,248,0.6063569682151589,112,0.45161290322580644,296,0.7237163814180929,136,0.4594594594594595,0.19439189189189188,0.12502209521305294,0.0,0.807,0.3609517675728952,0.0,1.0,-0.24743238229639974,0.46670030908424104,0.34431704383334816,14,14,claude_sonnet_4
114,claude_sonnet_4_temp0.6_15_candidate,409,0.05008557457212714,0.2667334963325183,251,0.6136919315403423,116,0.46215139442231074,292,0.7139364303178484,135,0.4623287671232877,0.19660616438356163,0.12369332694919451,0.0,0.778,0.3609368276076473,0.0,1.0,-0.24718966721142066,0.4635732361434999,0.3968669849691745,15,15,claude_sonnet_4
115,claude_sonnet_4_temp0.6_16_candidate,409,0.05132518337408313,0.26713691931540345,248,0.6063569682151589,118,0.47580645161290325,288,0.7041564792176039,130,0.4513888888888889,0.19604166666666667,0.12640387933343245,0.0,0.81,0.36077966486925844,0.0,1.0,-0.25044149591404796,0.45917014723069616,0.39407504513530006,16,16,claude_sonnet_4
116,claude_sonnet_4_temp0.6_17_candidate,409,0.050276283618581906,0.2669902200488998,249,0.60880195599022,117,0.46987951807228917,290,0.7090464547677262,132,0.45517241379310347,0.19964137931034484,0.1255581356494007,0.0,0.816,0.3608930852416782,0.0,1.0,-0.2510471905398852,0.4532107641382827,0.44110204356683114,17,17,claude_sonnet_4
117,claude_sonnet_4_temp0.6_18_candidate,409,0.05017848410757947,0.2667970660146699,249,0.60880195599022,120,0.4819277108433735,288,0.7041564792176039,129,0.4479166666666667,0.19529166666666667,0.12453151299079049,0.0,0.832,0.3607479602813264,0.0,1.0,-0.244649072950466,0.47074718093805457,0.42600496559915196,18,18,claude_sonnet_4
118,claude_sonnet_4_temp0.6_19_candidate,409,0.05027628361858191,0.2669511002444988,249,0.60880195599022,119,0.4779116465863454,289,0.706601466992665,130,0.44982698961937717,0.1953702422145329,0.12525598024317044,0.0,0.796,0.3604493766259506,0.0,1.0,-0.24941773678066959,0.4703253019003358,0.4159415264023379,19,19,claude_sonnet_4
119,claude_sonnet_4_temp0.6_20_candidate,409,0.05031784841075794,0.2667481662591687,248,0.6063569682151589,120,0.4838709677419355,288,0.7041564792176039,128,0.4444444444444444,0.19847916666666665,0.1255363717612528,0.0,0.799,0.36060079947189105,0.0,1.0,-0.24659516720528174,0.4627594315669635,0.45512286273756497,20,20,claude_sonnet_4
120,claude_sonnet_4_temp0.6_21_candidate,409,0.05149877750611247,0.26627872860635693,247,0.6039119804400978,118,0.4777327935222672,289,0.706601466992665,129,0.4463667820069204,0.19491695501730105,0.12675994532712928,0.0,0.77,0.3608099223427416,0.0,1.0,-0.23437006182648945,0.46972111297545377,0.4347786915092717,21,21,claude_sonnet_4
121,claude_sonnet_4_temp0.6_22_candidate,409,0.05168948655256724,0.2660073349633252,249,0.60880195599022,119,0.4779116465863454,287,0.7017114914425427,130,0.4529616724738676,0.19278397212543555,0.12718924510506585,0.0,0.753,0.3593531303854698,0.0,1.0,-0.23753782540646817,0.4687913577626416,0.4023059561910402,22,22,claude_sonnet_4
122,claude_sonnet_4_temp0.6_23_candidate,409,0.05133251833740832,0.2669119804400978,249,0.60880195599022,119,0.4779116465863454,288,0.7041564792176039,130,0.4513888888888889,0.19690625,0.12658403451230918,0.0,0.764,0.3604053573303404,0.0,1.0,-0.23350203796500968,0.4670119466296416,0.4705063345788068,23,23,claude_sonnet_4
123,claude_sonnet_4_temp0.6_24_candidate,409,0.0513520782396088,0.2665574572127139,249,0.60880195599022,118,0.4738955823293173,290,0.7090464547677262,131,0.4517241379310345,0.19558965517241378,0.12729859494759563,0.0,0.77,0.3601500193387751,0.0,1.0,-0.23417750540101467,0.4686572463863367,0.44370470267526557,24,24,claude_sonnet_4
124,claude_sonnet_4_temp0.6_25_candidate,409,0.051066014669926656,0.2667163814180929,247,0.6039119804400978,117,0.47368421052631576,290,0.7090464547677262,130,0.4482758620689655,0.19725517241379312,0.12620595983280694,0.0,0.757,0.3604278125631504,0.0,1.0,-0.23595260945870744,0.46323894986821806,0.43996004919487686,25,25,claude_sonnet_4
125,claude_sonnet_4_temp0.6_26_candidate,409,0.052002444987775065,0.26646210268948656,247,0.6039119804400978,121,0.4898785425101215,286,0.6992665036674817,126,0.4405594405594406,0.19888461538461538,0.1280402117990392,0.0,0.752,0.3603513555122827,0.0,1.0,-0.2341340917982042,0.4633751648714924,0.4831539419167224,26,26,claude_sonnet_4
126,claude_sonnet_4_temp0.6_27_candidate,409,0.05104889975550122,0.2661369193154034,248,0.6063569682151589,121,0.4879032258064516,286,0.6992665036674817,127,0.44405594405594406,0.19332167832167832,0.12567917223044672,0.0,0.724,0.36089503087032215,0.0,1.0,-0.23246442238997478,0.47281016491310934,0.42214044388267824,27,27,claude_sonnet_4
127,claude_sonnet_4_temp0.6_28_candidate,409,0.05039119804400979,0.26585085574572126,247,0.6039119804400978,122,0.4939271255060729,283,0.6919315403422983,125,0.4416961130742049,0.19418374558303886,0.12606085199868017,0.0,0.744,0.36067743210496284,0.0,1.0,-0.23722814376583634,0.46515195459740966,0.43852684607334386,28,28,claude_sonnet_4
128,claude_sonnet_4_temp0.6_29_candidate,409,0.05067481662591687,0.2668288508557457,246,0.6014669926650367,120,0.4878048780487805,286,0.6992665036674817,126,0.4405594405594406,0.19408741258741258,0.12582581734112816,0.0,0.744,0.3609946732045413,0.0,1.0,-0.2354544436190733,0.4694863624557401,0.4436007610977908,29,29,claude_sonnet_4
129,claude_sonnet_4_temp0.6_30_candidate,409,0.05029095354523228,0.26577017114914425,247,0.6039119804400978,121,0.4898785425101215,287,0.7017114914425427,126,0.43902439024390244,0.1906829268292683,0.12504814111142665,0.0,0.714,0.36056612100805746,0.0,1.0,-0.23566974739975444,0.48204504005299564,0.4195752051554072,30,30,claude_sonnet_4
130,claude_sonnet_4_temp0.6_31_candidate,409,0.050430317848410754,0.26731784841075795,248,0.6063569682151589,121,0.4879032258064516,287,0.7017114914425427,127,0.4425087108013937,0.19418815331010453,0.12494642630974379,0.0,0.713,0.3610784128742418,0.0,1.0,-0.2363362604771193,0.47418042124790294,0.44447677623470294,31,31,claude_sonnet_4
131,claude_sonnet_4_temp0.6_32_candidate,409,0.0494841075794621,0.26681418092909537,247,0.6039119804400978,121,0.4898785425101215,286,0.6992665036674817,126,0.4405594405594406,0.1950769230769231,0.12414167065457006,0.0,0.7,0.36124491308759504,0.0,1.0,-0.23601394049867497,0.471668366253813,0.4643845106759627,32,32,claude_sonnet_4
132,claude_sonnet_4_temp0.6_33_candidate,409,0.05000488997555012,0.2668924205378973,249,0.60880195599022,120,0.4819277108433735,286,0.6992665036674817,129,0.45104895104895104,0.19057342657342657,0.12499496312805561,0.0,0.721,0.3615948145957734,0.0,1.0,-0.23656219512900578,0.47705039176681446,0.40706363998825285,33,33,claude_sonnet_4
133,claude_sonnet_4_temp0.6_34_candidate,409,0.05018581907090464,0.26715403422982886,247,0.6039119804400978,118,0.4777327935222672,289,0.706601466992665,129,0.4463667820069204,0.19531487889273355,0.12518293584695603,0.0,0.694,0.3613848983191104,0.0,1.0,-0.23654936825293582,0.4698876371636642,0.4542055200735981,34,34,claude_sonnet_4
134,claude_sonnet_4_temp0.6_35_candidate,409,0.049767726161369194,0.2663422982885085,249,0.60880195599022,122,0.4899598393574297,285,0.6968215158924206,127,0.4456140350877193,0.19427017543859648,0.12470309907648461,0.0,0.723,0.36139569871131644,0.0,1.0,-0.23193111036597958,0.4719442555469915,0.474305907832921,35,35,claude_sonnet_4
135,claude_sonnet_4_temp0.6_36_candidate,409,0.049506112469437646,0.26691687041564793,250,0.6112469437652812,123,0.492,285,0.6968215158924206,127,0.4456140350877193,0.19310526315789472,0.1239694362001456,0.0,0.716,0.36082334933037596,0.0,1.0,-0.23323498718707225,0.47831839311010527,0.4630686722549432,36,36,claude_sonnet_4
136,claude_sonnet_4_temp0.6_37_candidate,409,0.04923471882640587,0.2668997555012225,249,0.60880195599022,122,0.4899598393574297,285,0.6968215158924206,127,0.4456140350877193,0.1920877192982456,0.1227636274808459,0.0,0.713,0.3616351444841908,0.0,1.0,-0.23535212000683559,0.47524530142873445,0.4266841763915255,37,37,claude_sonnet_4
137,claude_sonnet_4_temp0.6_38_candidate,409,0.04902200488997555,0.26686552567237165,248,0.6063569682151589,123,0.4959677419354839,284,0.6943765281173594,125,0.44014084507042256,0.19217605633802817,0.12275858195024568,0.0,0.709,0.361377375929271,0.0,1.0,-0.23705980230996682,0.4770730889937702,0.4251460339461813,38,38,claude_sonnet_4
138,claude_sonnet_4_temp0.6_39_candidate,409,0.048618581907090466,0.2675550122249389,249,0.60880195599022,122,0.4899598393574297,284,0.6943765281173594,127,0.4471830985915493,0.1958485915492958,0.12179886922581949,0.0,0.696,0.3615204682029018,0.0,1.0,-0.2386542286037654,0.46654406488608363,0.4859619666939959,39,39,claude_sonnet_4
139,claude_sonnet_4_temp0.6_40_candidate,409,0.04934229828850856,0.26716136919315403,249,0.60880195599022,125,0.5020080321285141,283,0.6919315403422983,124,0.4381625441696113,0.18803180212014134,0.1220152108662581,0.0,0.685,0.36198410503417383,0.0,1.0,-0.23202980878912305,0.48850726731540933,0.41099285244357486,40,40,claude_sonnet_4
140,claude_sonnet_4_temp0.6_41_candidate,407,0.04870270270270271,0.26826535626535625,247,0.6068796068796068,119,0.4817813765182186,286,0.7027027027027027,128,0.44755244755244755,0.18783916083916086,0.12179943867074539,0.0,0.705,0.36219754251952435,0.0,1.0,-0.23590251911065874,0.48851078227312916,0.39747380025625934,41,41,claude_sonnet_4
141,claude_sonnet_4_temp0.6_42_candidate,408,0.048654411764705884,0.26796813725490193,250,0.6127450980392157,125,0.5,283,0.6936274509803921,125,0.4416961130742049,0.18997526501766784,0.12316124326784555,0.0,0.717,0.36186049942427956,0.0,1.0,-0.2357639259815163,0.4905481909744361,0.4378703757391848,42,42,claude_sonnet_4
142,claude_sonnet_4_temp0.6_43_candidate,408,0.04935539215686274,0.2674460784313725,247,0.6053921568627451,122,0.4939271255060729,284,0.696078431372549,125,0.44014084507042256,0.1891338028169014,0.12310343041023586,0.0,0.729,0.3618824517121137,0.0,1.0,-0.22941839598147662,0.4859543327870771,0.4186746310087586,43,43,claude_sonnet_4
143,claude_sonnet_4_temp0.6_44_candidate,408,0.048004901960784316,0.26746568627450984,247,0.6053921568627451,127,0.5141700404858299,280,0.6862745098039216,120,0.42857142857142855,0.187225,0.12089233167709076,0.0,0.683,0.3620691541017821,0.0,1.0,-0.23569895966453802,0.4908216969226459,0.4189707623248852,44,44,claude_sonnet_4
144,claude_sonnet_4_temp0.6_45_candidate,408,0.048370098039215687,0.2681127450980392,247,0.6053921568627451,126,0.5101214574898786,282,0.6911764705882353,121,0.42907801418439717,0.1920851063829787,0.12138400332307174,0.0,0.683,0.36208891096719,0.0,1.0,-0.23746153119031255,0.4856134351036445,0.446412665681376,45,45,claude_sonnet_4
145,claude_sonnet_4_temp0.6_46_candidate,408,0.047977941176470584,0.26784558823529414,246,0.6029411764705882,122,0.4959349593495935,283,0.6936274509803921,124,0.4381625441696113,0.1902120141342756,0.12084288131449324,0.0,0.693,0.3624187443483658,0.0,1.0,-0.23905680753835035,0.4807877130480311,0.43392305176711027,46,46,claude_sonnet_4
146,claude_sonnet_4_temp0.6_47_candidate,408,0.04897549019607843,0.26773039215686273,248,0.6078431372549019,129,0.5201612903225806,278,0.6813725490196079,119,0.42805755395683454,0.1844928057553957,0.1219571179347716,0.0,0.664,0.36197513165832523,0.0,1.0,-0.233511954590363,0.49802703645692825,0.3857720705012833,47,47,claude_sonnet_4
147,claude_sonnet_4_temp0.6_48_candidate,408,0.049049019607843136,0.26795588235294115,246,0.6029411764705882,127,0.516260162601626,280,0.6862745098039216,119,0.425,0.18587857142857142,0.12270166493357049,0.0,0.659,0.3625972324157949,0.0,1.0,-0.23514804900002928,0.49576340858063506,0.4160166569437487,48,48,claude_sonnet_4
148,claude_sonnet_4_temp0.6_49_candidate,408,0.0485171568627451,0.2673186274509804,250,0.6127450980392157,127,0.508,281,0.6887254901960784,123,0.4377224199288256,0.18394661921708186,0.12075051130389414,0.0,0.649,0.3622258820860515,0.0,1.0,-0.23460911226782533,0.49823068433116313,0.36521097539084346,49,49,claude_sonnet_4
149,claude_sonnet_4_temp0.6_50_candidate,408,0.048772058823529404,0.26784558823529414,248,0.6078431372549019,125,0.5040322580645161,281,0.6887254901960784,123,0.4377224199288256,0.1890711743772242,0.12311149698496437,0.0,0.678,0.3622573537869082,0.0,1.0,-0.23599534757259533,0.4872110833108936,0.44555571765430807,50,50,claude_sonnet_4
150,llama_4_maverick_17b_temp0.6_1_candidate,411,0.0,0.2990948905109489,229,0.5571776155717761,0,0.0,411,1.0,229,0.5571776155717761,0.2990948905109489,0.0,0.0,0.0,0.39264154792428024,0.0,1.0,-0.5802638050779536,,,1,1,llama_4_maverick_17b
151,llama_4_maverick_17b_temp0.6_2_candidate,410,0.05611219512195122,0.29768780487804875,235,0.573170731707317,56,0.23829787234042554,353,0.8609756097560975,179,0.5070821529745042,0.2729348441926346,0.18638465889335204,0.0,1.0,0.38460832163486947,0.0,1.0,-0.4310243943420211,0.27056422222865334,0.42461381312278795,2,2,llama_4_maverick_17b
152,llama_4_maverick_17b_temp0.6_3_candidate,410,0.06397073170731708,0.2989780487804878,236,0.5756097560975609,76,0.3220338983050847,334,0.8146341463414634,160,0.47904191616766467,0.2539491017964072,0.17647592006525775,0.0,0.955,0.3837493872321763,0.0,1.0,-0.3051481331285011,0.35837169703851995,0.4909891330412022,3,3,llama_4_maverick_17b
153,llama_4_maverick_17b_temp0.6_4_candidate,409,0.06277506112469437,0.29835207823960874,238,0.5819070904645477,82,0.3445378151260504,326,0.7970660146699267,156,0.4785276073619632,0.24946319018404908,0.1705673497365349,0.0,0.95,0.3835280033343676,0.0,1.0,-0.29378965095960896,0.37089105645019255,0.48665928961855187,4,4,llama_4_maverick_17b
154,llama_4_maverick_17b_temp0.6_5_candidate,409,0.0642078239608802,0.2961246943765281,244,0.5965770171149144,93,0.38114754098360654,315,0.7701711491442543,151,0.4793650793650794,0.24347936507936507,0.16301266195711772,0.0,0.903,0.3805815542227942,0.0,1.0,-0.2720751007929485,0.38429971496339294,0.5265915960821693,5,5,llama_4_maverick_17b
155,llama_4_maverick_17b_temp0.6_6_candidate,409,0.06474083129584352,0.2962591687041565,249,0.60880195599022,100,0.40160642570281124,309,0.7555012224938875,149,0.48220064724919093,0.24078964401294498,0.1591379015410484,0.0,0.931,0.37945772183529697,0.0,1.0,-0.2564247477772519,0.398875739810027,0.5446787606986226,6,6,llama_4_maverick_17b
156,llama_4_maverick_17b_temp0.6_7_candidate,409,0.06663325183374083,0.2960562347188264,248,0.6063569682151589,103,0.4153225806451613,304,0.7432762836185819,145,0.4769736842105263,0.23701315789473687,0.16043357351393903,0.0,0.953,0.37948920020519056,0.0,1.0,-0.2505156432487474,0.40539580016785925,0.5228454760838358,7,7,llama_4_maverick_17b
157,llama_4_maverick_17b_temp0.6_8_candidate,408,0.06623529411764706,0.2964460784313725,250,0.6127450980392157,109,0.436,299,0.7328431372549019,141,0.47157190635451507,0.23903678929765884,0.1573235660687863,0.0,0.952,0.3796602932477072,0.0,1.0,-0.263379334740625,0.410775928575226,0.5201476742345685,8,8,llama_4_maverick_17b
158,llama_4_maverick_17b_temp0.6_9_candidate,408,0.06681617647058824,0.29763970588235295,251,0.6151960784313726,114,0.4541832669322709,294,0.7205882352941176,137,0.46598639455782315,0.24035714285714288,0.15674877812667043,0.0,0.961,0.3797172775558459,0.0,1.0,-0.268399205116997,0.41184893060753097,0.5125723048337597,9,9,llama_4_maverick_17b
159,llama_4_maverick_17b_temp0.6_10_candidate,407,0.06803194103194103,0.29802702702702705,251,0.6167076167076168,119,0.47410358565737054,288,0.7076167076167076,132,0.4583333333333333,0.23521180555555554,0.15623974037877805,0.0,0.978,0.37954423302477586,0.0,1.0,-0.2629021631478523,0.4290802294568048,0.48158720285693485,10,10,llama_4_maverick_17b
160,llama_4_maverick_17b_temp0.6_11_candidate,408,0.06897549019607845,0.297218137254902,251,0.6151960784313726,125,0.49800796812749004,282,0.6911764705882353,126,0.44680851063829785,0.22595390070921986,0.15405182597276806,0.0,0.952,0.3780953414418903,0.0,1.0,-0.2512849914337103,0.450639449725438,0.46612734958259544,11,11,llama_4_maverick_17b
161,llama_4_maverick_17b_temp0.6_12_candidate,408,0.06986029411764706,0.2982549019607843,256,0.6274509803921569,129,0.50390625,279,0.6838235294117647,127,0.4551971326164875,0.22522222222222224,0.154859653702995,0.0,0.949,0.3784558716544061,0.0,1.0,-0.24371948350949202,0.45660837130414184,0.4859767859703976,12,12,llama_4_maverick_17b
162,llama_4_maverick_17b_temp0.6_13_candidate,408,0.06979901960784314,0.2971740196078432,255,0.625,135,0.5294117647058824,273,0.6691176470588235,120,0.43956043956043955,0.2149157509157509,0.15281941412128291,0.0,0.941,0.37739679359424255,0.0,1.0,-0.24026455203798136,0.47822052287383227,0.42294805935399993,13,13,llama_4_maverick_17b
163,llama_4_maverick_17b_temp0.6_14_candidate,408,0.07019117647058823,0.2967990196078431,253,0.6200980392156863,134,0.5296442687747036,273,0.6691176470588235,119,0.4358974358974359,0.21202564102564103,0.15337562093962623,0.0,0.921,0.3771427653942667,0.0,1.0,-0.23850863368718933,0.4795290296889429,0.3986399576955347,14,14,llama_4_maverick_17b
164,llama_4_maverick_17b_temp0.6_15_candidate,408,0.07045098039215686,0.2976078431372549,254,0.6225490196078431,137,0.5393700787401575,269,0.6593137254901961,117,0.4349442379182156,0.2108438661710037,0.15300803371519997,0.0,0.937,0.3777802727092683,0.0,1.0,-0.2304407737200096,0.48164683202977576,0.42165722652949494,15,15,llama_4_maverick_17b
165,llama_4_maverick_17b_temp0.6_16_candidate,408,0.06982598039215686,0.2961960784313725,256,0.6274509803921569,140,0.546875,267,0.6544117647058824,116,0.4344569288389513,0.2070749063670412,0.15129607258591077,0.0,0.938,0.37712380396102424,0.0,1.0,-0.2386427434953282,0.4864529037151748,0.3773628841999719,16,16,llama_4_maverick_17b
166,llama_4_maverick_17b_temp0.6_17_candidate,408,0.07006862745098039,0.29707843137254897,258,0.6323529411764706,142,0.5503875968992248,265,0.6495098039215687,116,0.4377358490566038,0.20855849056603773,0.15124186964399186,0.0,0.946,0.3773165814962936,0.0,1.0,-0.23952365978720902,0.48280117767896974,0.4079039680802924,17,17,llama_4_maverick_17b
167,llama_4_maverick_17b_temp0.6_18_candidate,408,0.06965686274509804,0.297156862745098,258,0.6323529411764706,143,0.5542635658914729,264,0.6470588235294118,115,0.4356060606060606,0.2094621212121212,0.15074076859180408,0.0,0.926,0.37768590397411694,0.0,1.0,-0.2342808226141413,0.48494874041573155,0.4336484403384506,18,18,llama_4_maverick_17b
168,llama_4_maverick_17b_temp0.6_19_candidate,408,0.06996323529411765,0.2972254901960784,260,0.6372549019607843,143,0.55,264,0.6470588235294118,117,0.4431818181818182,0.210125,0.15124754453143288,0.0,0.933,0.3771527920696547,0.0,1.0,-0.23581620717729623,0.4804815064926553,0.41797234680193573,19,19,llama_4_maverick_17b
169,llama_4_maverick_17b_temp0.6_20_candidate,408,0.07053921568627451,0.2969950980392157,261,0.6397058823529411,147,0.5632183908045977,261,0.6397058823529411,114,0.4367816091954023,0.20764367816091955,0.15127287845561607,0.0,0.94,0.3769890971735595,0.0,1.0,-0.2291941070292174,0.48935490341050336,0.4240853454252369,20,20,llama_4_maverick_17b
170,llama_4_maverick_17b_temp0.6_21_candidate,407,0.0701990171990172,0.29644963144963143,259,0.6363636363636364,145,0.5598455598455598,262,0.6437346437346437,114,0.4351145038167939,0.2104351145038168,0.15059696835806816,0.0,0.94,0.3767143376358987,0.0,1.0,-0.22836708304681785,0.4847493602475614,0.44200599365225246,21,21,llama_4_maverick_17b
171,llama_4_maverick_17b_temp0.6_22_candidate,407,0.07033169533169534,0.2971916461916462,261,0.6412776412776413,143,0.5478927203065134,263,0.6461916461916462,118,0.44866920152091255,0.21258174904942964,0.15016408896460753,0.0,0.912,0.3771407464500708,0.0,1.0,-0.23139543376934602,0.4783313429462598,0.4487472927737492,22,22,llama_4_maverick_17b
172,llama_4_maverick_17b_temp0.6_23_candidate,407,0.07004422604422604,0.29628255528255526,257,0.6314496314496314,146,0.5680933852140078,259,0.6363636363636364,111,0.42857142857142855,0.2072895752895753,0.14989074812441006,0.0,0.912,0.3768418502679503,0.0,1.0,-0.22802475758572305,0.4869807282136785,0.43131519843392124,23,23,llama_4_maverick_17b
173,llama_4_maverick_17b_temp0.6_24_candidate,407,0.06968550368550369,0.2963169533169533,258,0.6339066339066339,149,0.5775193798449613,257,0.6314496314496314,109,0.42412451361867703,0.20788326848249028,0.14966924832125994,0.0,0.904,0.3771148461109725,0.0,1.0,-0.23126651143593002,0.48854625170129734,0.43246665385378846,24,24,llama_4_maverick_17b
174,llama_4_maverick_17b_temp0.6_25_candidate,407,0.07018181818181818,0.2972285012285012,260,0.6388206388206388,150,0.5769230769230769,256,0.628992628992629,110,0.4296875,0.20909765624999999,0.14922041926933238,0.0,0.885,0.37720490768517734,0.0,1.0,-0.22499759722958035,0.48705112504008846,0.44922924878724413,25,25,llama_4_maverick_17b
175,llama_4_maverick_17b_temp0.6_26_candidate,407,0.07046437346437347,0.2963832923832924,262,0.6437346437346437,152,0.5801526717557252,254,0.6240786240786241,110,0.4330708661417323,0.20842519685039368,0.15054831179822448,0.0,0.893,0.376565339685626,0.0,1.0,-0.22581704971379502,0.4859301642482477,0.43441096779557986,26,26,llama_4_maverick_17b
176,llama_4_maverick_17b_temp0.6_27_candidate,407,0.06972235872235873,0.29616953316953315,260,0.6388206388206388,151,0.5807692307692308,253,0.6216216216216216,109,0.4308300395256917,0.21044664031620555,0.1489252704652042,0.0,0.908,0.37624636872781,0.0,1.0,-0.23051803105634328,0.48071038429398094,0.4557761255648569,27,27,llama_4_maverick_17b
177,llama_4_maverick_17b_temp0.6_28_candidate,407,0.07008599508599508,0.2965159705159705,262,0.6437346437346437,152,0.5801526717557252,254,0.6240786240786241,110,0.4330708661417323,0.20790944881889764,0.14861605620721047,0.0,0.904,0.3766318976856305,0.0,1.0,-0.22481200431978543,0.48918496219952606,0.44503708468264946,28,28,llama_4_maverick_17b
178,llama_4_maverick_17b_temp0.6_29_candidate,407,0.06953562653562655,0.2952358722358722,263,0.6461916461916462,151,0.5741444866920152,255,0.6265356265356266,112,0.4392156862745098,0.2124627450980392,0.14826358785147725,0.0,0.884,0.3766632675103335,0.0,1.0,-0.22573715396322536,0.4795047392052304,0.48154766415658523,29,29,llama_4_maverick_17b
179,llama_4_maverick_17b_temp0.6_30_candidate,407,0.06935626535626536,0.29605159705159706,261,0.6412776412776413,152,0.5823754789272031,253,0.6216216216216216,109,0.4308300395256917,0.20578656126482214,0.14745788006054217,0.0,0.887,0.3777763333319134,0.0,1.0,-0.2213198202266431,0.4913230928592496,0.4447263649623594,30,30,llama_4_maverick_17b
180,llama_4_maverick_17b_temp0.6_31_candidate,407,0.06953071253071252,0.29588206388206384,264,0.6486486486486487,157,0.5946969696969697,249,0.6117936117936118,107,0.42971887550200805,0.20726506024096386,0.14841724641082124,0.0,0.872,0.3776539253331988,0.0,1.0,-0.22434750485887744,0.49104405345376895,0.4601665837657918,31,31,llama_4_maverick_17b
181,llama_4_maverick_17b_temp0.6_32_candidate,407,0.06911547911547912,0.29573710073710074,262,0.6437346437346437,157,0.5992366412213741,248,0.6093366093366094,105,0.42338709677419356,0.20503629032258067,0.148584091896877,0.0,0.88,0.37683326453798627,0.0,1.0,-0.22847822264954698,0.49225899303409043,0.44004234646485835,32,32,llama_4_maverick_17b
182,llama_4_maverick_17b_temp0.6_33_candidate,407,0.06906879606879607,0.2958034398034398,262,0.6437346437346437,157,0.5992366412213741,247,0.6068796068796068,105,0.4251012145748988,0.2071336032388664,0.14667363420963095,0.0,0.884,0.37670386793333016,0.0,1.0,-0.22916213239411776,0.4847746588054714,0.43711293627703723,33,33,llama_4_maverick_17b
183,llama_4_maverick_17b_temp0.6_34_candidate,407,0.06936609336609337,0.29671498771498767,264,0.6486486486486487,157,0.5946969696969697,248,0.6093366093366094,107,0.4314516129032258,0.209,0.14832331088060932,0.0,0.89,0.3773580568149853,0.0,1.0,-0.22618703298984166,0.4843219976689281,0.4412793194443795,34,34,llama_4_maverick_17b
184,llama_4_maverick_17b_temp0.6_35_candidate,407,0.06902948402948403,0.2955110565110565,266,0.6535626535626535,158,0.5939849624060151,248,0.6093366093366094,108,0.43548387096774194,0.2117258064516129,0.14693131028308026,0.0,0.877,0.3767184432759952,0.0,1.0,-0.22707563008722365,0.4814227756579859,0.47513565954801057,35,35,llama_4_maverick_17b
185,llama_4_maverick_17b_temp0.6_36_candidate,407,0.06967567567567567,0.29593366093366097,266,0.6535626535626535,159,0.5977443609022557,246,0.6044226044226044,107,0.4349593495934959,0.21065853658536587,0.14670277150599784,0.0,0.866,0.37679453407162583,0.0,1.0,-0.2274275398472998,0.48156090314054617,0.4628014887971196,36,36,llama_4_maverick_17b
186,llama_4_maverick_17b_temp0.6_37_candidate,407,0.07063144963144963,0.29505651105651104,267,0.6560196560196561,162,0.6067415730337079,244,0.5995085995085995,105,0.430327868852459,0.2082950819672131,0.14915304474060334,0.0,0.883,0.37636994223215686,0.0,1.0,-0.2209902342473682,0.48949114260097965,0.4745648431735114,37,37,llama_4_maverick_17b
187,llama_4_maverick_17b_temp0.6_38_candidate,407,0.07006879606879607,0.29546928746928747,264,0.6486486486486487,163,0.6174242424242424,242,0.5945945945945946,101,0.41735537190082644,0.20442561983471072,0.14717333438193214,0.0,0.865,0.3765912263442195,0.0,1.0,-0.21683721723804816,0.49378023680053285,0.43950533462718444,38,38,llama_4_maverick_17b
188,llama_4_maverick_17b_temp0.6_39_candidate,407,0.07070270270270271,0.2949312039312039,265,0.6511056511056511,163,0.6150943396226415,241,0.5921375921375921,102,0.42323651452282157,0.200448132780083,0.14802962240097256,0.0,0.846,0.3762126472555935,0.0,1.0,-0.21634347574546453,0.5017784163753218,0.44703658006114333,39,39,llama_4_maverick_17b
189,llama_4_maverick_17b_temp0.6_40_candidate,407,0.07006633906633906,0.29568796068796066,266,0.6535626535626535,163,0.6127819548872181,243,0.597051597051597,103,0.42386831275720166,0.1999917695473251,0.1470111163361499,0.0,0.864,0.376219208445632,0.0,1.0,-0.21752470085679043,0.5053546190188469,0.4561028188919693,40,40,llama_4_maverick_17b
190,llama_4_maverick_17b_temp0.6_41_candidate,407,0.07145208845208846,0.2950982800982801,266,0.6535626535626535,162,0.6090225563909775,244,0.5995085995085995,104,0.4262295081967213,0.20010245901639345,0.1481029326607496,0.0,0.84,0.37549282299385167,0.0,1.0,-0.21156182591857275,0.5063320864014416,0.45658187356286545,41,41,llama_4_maverick_17b
191,llama_4_maverick_17b_temp0.6_42_candidate,407,0.07054299754299755,0.2952972972972973,267,0.6560196560196561,165,0.6179775280898876,240,0.5896805896805897,102,0.425,0.19440416666666668,0.14718474407462218,0.0,0.841,0.3758119760519172,0.0,1.0,-0.21879817659040013,0.5127338771766671,0.3989548341419267,42,42,llama_4_maverick_17b
192,llama_4_maverick_17b_temp0.6_43_candidate,407,0.07128255528255528,0.29502702702702704,266,0.6535626535626535,165,0.6203007518796992,241,0.5921375921375921,101,0.4190871369294606,0.19675933609958504,0.14810321211963492,0.0,0.853,0.37623440306658107,0.0,1.0,-0.21159047269784992,0.5116080773502217,0.4243557323942291,43,43,llama_4_maverick_17b
193,llama_4_maverick_17b_temp0.6_44_candidate,407,0.0705995085995086,0.2961621621621622,264,0.6486486486486487,161,0.6098484848484849,243,0.597051597051597,103,0.42386831275720166,0.19973251028806582,0.14719307983598032,0.0,0.851,0.37585253557025255,0.0,1.0,-0.21782386112815622,0.5033917957539267,0.4432828544201651,44,44,llama_4_maverick_17b
194,llama_4_maverick_17b_temp0.6_45_candidate,407,0.07095577395577395,0.2968845208845209,266,0.6535626535626535,166,0.6240601503759399,241,0.5921375921375921,100,0.4149377593360996,0.1969377593360996,0.1469718354065818,0.0,0.837,0.3767829345723702,0.0,1.0,-0.2168507275318723,0.5142313391536398,0.41638471159958235,45,45,llama_4_maverick_17b
195,llama_4_maverick_17b_temp0.6_46_candidate,407,0.07106142506142506,0.29596805896805894,267,0.6560196560196561,165,0.6179775280898876,240,0.5896805896805897,102,0.425,0.19679166666666664,0.14828455167775864,0.0,0.836,0.37643958759346047,0.0,1.0,-0.2128780992167827,0.511665616945514,0.43809521282709724,46,46,llama_4_maverick_17b
196,llama_4_maverick_17b_temp0.6_47_candidate,407,0.07018673218673219,0.29705651105651104,265,0.6511056511056511,163,0.6150943396226415,242,0.5945945945945946,102,0.4214876033057851,0.1976404958677686,0.1464356011307038,0.0,0.848,0.37717928172914567,0.0,1.0,-0.22193495540688568,0.5081546717569607,0.4175178157733857,47,47,llama_4_maverick_17b
197,llama_4_maverick_17b_temp0.6_48_candidate,407,0.07010319410319411,0.29646191646191644,267,0.6560196560196561,168,0.6292134831460674,237,0.5823095823095823,99,0.4177215189873418,0.1979746835443038,0.145140325777166,0.0,0.847,0.3762944804523866,0.0,1.0,-0.2198829687356163,0.5084651970729096,0.4361530250719729,48,48,llama_4_maverick_17b
198,llama_4_maverick_17b_temp0.6_49_candidate,407,0.0704029484029484,0.2961941031941032,268,0.6584766584766585,168,0.6268656716417911,238,0.5847665847665847,100,0.42016806722689076,0.19549999999999998,0.14530669011708003,0.0,0.863,0.3764360926599886,0.0,1.0,-0.21833815363003706,0.5134711345667082,0.4149126473894028,49,49,llama_4_maverick_17b
199,llama_4_maverick_17b_temp0.6_50_candidate,407,0.07006142506142506,0.2958845208845209,270,0.6633906633906634,170,0.6296296296296297,237,0.5823095823095823,100,0.4219409282700422,0.19596202531645568,0.14552071599000735,0.0,0.864,0.3766997695702821,0.0,1.0,-0.21934033087086835,0.5157612131972515,0.4137993652334139,50,50,llama_4_maverick_17b
200,gpt_4o_temp0.6_1_candidate,411,0.0,0.2746934306569343,215,0.5231143552311436,0,0.0,411,1.0,215,0.5231143552311436,0.2746934306569343,0.0,0.0,0.0,0.3836840605585192,0.0,1.0,-0.5125650990321455,,,1,1,gpt_4o
201,gpt_4o_temp0.6_2_candidate,411,0.08990754257907542,0.28050608272506083,234,0.5693430656934306,93,0.3974358974358974,317,0.7712895377128953,141,0.444794952681388,0.22629022082018926,0.24062562661020195,0.0,1.0,0.3762698620499495,0.0,1.0,-0.23806780931404337,0.4123294997272029,0.4475572808225272,2,2,gpt_4o
202,gpt_4o_temp0.6_3_candidate,410,0.10520243902439025,0.2774536585365854,245,0.5975609756097561,130,0.5306122448979592,279,0.6804878048780488,115,0.4121863799283154,0.20238709677419356,0.21522657487084754,0.0,0.999,0.36648707300768063,0.0,1.0,-0.1169838305884916,0.4974997403055448,0.5113874488870043,3,3,gpt_4o
203,gpt_4o_temp0.6_4_candidate,409,0.10646943765281174,0.27647921760391203,254,0.6210268948655256,150,0.5905511811023622,259,0.6332518337408313,104,0.4015444015444015,0.19096911196911195,0.2007074643100179,0.0,0.906,0.364261379036508,0.0,1.0,-0.043670903068820044,0.538910065422148,0.5691488719474769,4,4,gpt_4o
204,gpt_4o_temp0.6_5_candidate,407,0.11054299754299754,0.28043980343980346,258,0.6339066339066339,164,0.6356589147286822,241,0.5921375921375921,94,0.3900414937759336,0.18240663900414938,0.1960282973451958,0.0,0.911,0.36448066879367647,0.0,1.0,0.0036280401302508647,0.5640918214205854,0.6072801044995711,5,5,gpt_4o
205,gpt_4o_temp0.6_6_candidate,408,0.11357352941176473,0.27907598039215686,263,0.6446078431372549,175,0.6653992395437263,231,0.5661764705882353,88,0.38095238095238093,0.18076190476190476,0.19567238146436358,0.0,0.892,0.36269337183367173,0.0,1.0,0.011819270415732608,0.5753647199329504,0.625476449986202,6,6,gpt_4o
206,gpt_4o_temp0.6_7_candidate,408,0.11358333333333333,0.27932843137254904,266,0.6519607843137255,180,0.6766917293233082,225,0.5514705882352942,86,0.38222222222222224,0.17824444444444443,0.19227404084026983,0.0,0.894,0.3627558596376646,0.0,1.0,0.02440300182634214,0.5814284515015242,0.6457393361210121,7,7,gpt_4o
207,gpt_4o_temp0.6_8_candidate,408,0.11403431372549021,0.2786519607843137,272,0.6666666666666666,188,0.6911764705882353,219,0.5367647058823529,84,0.3835616438356164,0.17717351598173517,0.19155731441247859,0.0,0.908,0.3618785023144257,0.0,1.0,0.032971145748117436,0.5881093794321571,0.6622175423418137,8,8,gpt_4o
208,gpt_4o_temp0.6_9_candidate,408,0.11261519607843137,0.2754828431372549,269,0.6593137254901961,195,0.724907063197026,210,0.5147058823529411,74,0.3523809523809524,0.1650952380952381,0.18699103854080656,0.0,0.894,0.3604350580592724,0.0,1.0,0.04313630202243535,0.6063808350277703,0.6351091429774424,9,9,gpt_4o
209,gpt_4o_temp0.6_10_candidate,408,0.11231372549019607,0.2772990196078431,272,0.6666666666666666,197,0.7242647058823529,208,0.5098039215686274,75,0.3605769230769231,0.16383173076923077,0.1872831546287315,0.0,0.895,0.3607197377670442,0.0,1.0,0.05052063015670272,0.6105368970025981,0.6538508100879915,10,10,gpt_4o
210,gpt_4o_temp0.6_11_candidate,408,0.11076225490196079,0.2765343137254902,271,0.6642156862745098,195,0.7195571955719557,210,0.5147058823529411,76,0.3619047619047619,0.16731428571428572,0.18397777958011435,0.0,0.905,0.3610444595389115,0.0,1.0,0.04527379575222812,0.6075326256717073,0.6703896450247373,11,11,gpt_4o
211,gpt_4o_temp0.6_12_candidate,408,0.11347794117647057,0.27694607843137253,276,0.6764705882352942,204,0.7391304347826086,204,0.5,72,0.35294117647058826,0.16053921568627452,0.18604363683696884,0.0,0.904,0.36041697261822725,0.0,1.0,0.06020570370537626,0.6246857557889802,0.6467545851328096,12,12,gpt_4o
212,gpt_4o_temp0.6_13_candidate,408,0.11090931372549019,0.27673039215686274,276,0.6764705882352942,203,0.7355072463768116,203,0.49754901960784315,73,0.35960591133004927,0.16501970443349756,0.1829519762110512,0.0,0.891,0.3613366740555036,0.0,1.0,0.055164799003122766,0.6175297793392768,0.6672544658498885,13,13,gpt_4o
213,gpt_4o_temp0.6_14_candidate,408,0.11026960784313725,0.2778627450980392,275,0.6740196078431373,204,0.7418181818181818,203,0.49754901960784315,71,0.3497536945812808,0.16226108374384238,0.18214764765679803,0.0,0.894,0.3610566339589923,0.0,1.0,0.04835600373099713,0.6206619020171645,0.6553735009111077,14,14,gpt_4o
214,gpt_4o_temp0.6_15_candidate,408,0.11066176470588235,0.2772205882352941,274,0.6715686274509803,208,0.7591240875912408,200,0.49019607843137253,66,0.33,0.15429,0.1825168762243364,0.0,0.905,0.36082970885420573,0.0,1.0,0.06220891143521712,0.6323075355967431,0.6260625054564776,15,15,gpt_4o
215,gpt_4o_temp0.6_16_candidate,407,0.10906142506142506,0.27609582309582315,278,0.683046683046683,210,0.7553956834532374,195,0.47911547911547914,68,0.3487179487179487,0.15756923076923077,0.17937277741775334,0.0,0.92,0.3610668374251568,0.0,1.0,0.053910981312712214,0.6234776874330716,0.6330989436463192,16,16,gpt_4o
216,gpt_4o_temp0.6_17_candidate,407,0.10728009828009827,0.27595823095823097,278,0.683046683046683,208,0.7482014388489209,197,0.48402948402948404,70,0.3553299492385787,0.15559390862944164,0.175794735037261,0.0,0.901,0.36093303975808044,0.0,1.0,0.04965639399310873,0.6297229671758039,0.6267914869686626,17,17,gpt_4o
217,gpt_4o_temp0.6_18_candidate,407,0.10843243243243245,0.27600982800982804,276,0.6781326781326781,209,0.7572463768115942,193,0.4742014742014742,67,0.3471502590673575,0.15981865284974092,0.17642066304327483,0.0,0.915,0.3605859071894058,0.0,1.0,0.05722791468449151,0.6219087364147298,0.6716510881978811,18,18,gpt_4o
218,gpt_4o_temp0.6_19_candidate,407,0.10825061425061425,0.2762678132678133,277,0.6805896805896806,214,0.7725631768953068,192,0.47174447174447176,63,0.328125,0.14839583333333334,0.1756292333587658,0.0,0.915,0.36017112984297905,0.0,1.0,0.049675681092273494,0.6420298620215471,0.6176721357901549,19,19,gpt_4o
219,gpt_4o_temp0.6_20_candidate,407,0.10925307125307125,0.27611547911547907,278,0.683046683046683,214,0.7697841726618705,192,0.47174447174447176,64,0.3333333333333333,0.14815625000000002,0.17716556848790785,0.0,0.906,0.3599551076721467,0.0,1.0,0.059218338714205454,0.6414859822195864,0.6293423401017998,20,20,gpt_4o
220,gpt_4o_temp0.6_21_candidate,407,0.10956265356265356,0.27599017199017195,281,0.6904176904176904,214,0.7615658362989324,191,0.4692874692874693,67,0.3507853403141361,0.1483717277486911,0.1772689079634405,0.0,0.906,0.3599947104466979,0.0,1.0,0.05949013734832409,0.6421174306834171,0.63550661060395,21,21,gpt_4o
221,gpt_4o_temp0.6_22_candidate,407,0.10960196560196561,0.27506633906633904,278,0.683046683046683,215,0.7733812949640287,189,0.4643734643734644,63,0.3333333333333333,0.14866666666666667,0.17697334936182565,0.0,0.905,0.35951037960515925,0.0,1.0,0.057586031858611664,0.6404993549023024,0.6309140436339989,22,22,gpt_4o
222,gpt_4o_temp0.6_23_candidate,407,0.10895823095823097,0.2754914004914005,283,0.6953316953316954,216,0.7632508833922261,188,0.4619164619164619,67,0.35638297872340424,0.1448936170212766,0.1760844691336779,0.0,0.925,0.35965399602228165,0.0,1.0,0.05635392718633647,0.6429268094471376,0.6161446206447757,23,23,gpt_4o
223,gpt_4o_temp0.6_24_candidate,407,0.1087199017199017,0.2751867321867322,279,0.6855036855036855,218,0.7813620071684588,185,0.45454545454545453,61,0.32972972972972975,0.14188108108108108,0.17510503740556999,0.0,0.9,0.3591770685961061,0.0,1.0,0.05080816204331873,0.6464538545760625,0.605416514537844,24,24,gpt_4o
224,gpt_4o_temp0.6_25_candidate,407,0.10998280098280099,0.2753022113022113,279,0.6855036855036855,216,0.7741935483870968,187,0.4594594594594595,63,0.33689839572192515,0.14675401069518718,0.17631568516276405,0.0,0.907,0.359367564285463,0.0,1.0,0.04637607509606756,0.6424686429009625,0.6162828130330378,25,25,gpt_4o
225,gpt_4o_temp0.6_26_candidate,407,0.10912530712530713,0.2754004914004914,277,0.6805896805896806,213,0.7689530685920578,190,0.4668304668304668,64,0.3368421052631579,0.14512105263157896,0.17517149623781017,0.0,0.889,0.3598347276915192,0.0,1.0,0.051776525650199634,0.6469874249152403,0.6255621635585688,26,26,gpt_4o
226,gpt_4o_temp0.6_27_candidate,407,0.10956265356265356,0.2751719901719901,285,0.7002457002457002,223,0.7824561403508772,182,0.44717444717444715,62,0.34065934065934067,0.1423901098901099,0.17452941398171645,0.0,0.904,0.358523925713216,0.0,1.0,0.050795596571803214,0.6483918274029257,0.6128420193374542,27,27,gpt_4o
227,gpt_4o_temp0.6_28_candidate,407,0.10953316953316952,0.2756855036855037,283,0.6953316953316954,220,0.7773851590106007,184,0.4520884520884521,63,0.3423913043478261,0.1451195652173913,0.17470894928065397,0.0,0.901,0.35860739294028693,0.0,1.0,0.04949431995702969,0.6462311711598241,0.627490477899492,28,28,gpt_4o
228,gpt_4o_temp0.6_29_candidate,407,0.10961670761670761,0.2753882063882064,281,0.6904176904176904,224,0.797153024911032,181,0.44471744471744473,57,0.3149171270718232,0.15054696132596684,0.17488664076033064,0.0,0.9,0.35839630742777473,0.0,1.0,0.04791440486023257,0.6467295347314526,0.6433721847512108,29,29,gpt_4o
229,gpt_4o_temp0.6_30_candidate,407,0.1098034398034398,0.275017199017199,284,0.6977886977886978,223,0.7852112676056338,180,0.44226044226044225,61,0.3388888888888889,0.14304444444444445,0.1746344323188091,0.0,0.89,0.35811260249791566,0.0,1.0,0.04843098812275837,0.6460541099773195,0.6143649124228885,30,30,gpt_4o
230,gpt_4o_temp0.6_31_candidate,407,0.10937100737100738,0.27486977886977887,282,0.6928746928746928,223,0.7907801418439716,180,0.44226044226044225,59,0.3277777777777778,0.14191666666666666,0.17475806356517312,0.0,0.898,0.35775791060463885,0.0,1.0,0.05083703266890305,0.6516301723064786,0.6210138395435602,31,31,gpt_4o
231,gpt_4o_temp0.6_32_candidate,406,0.10912561576354679,0.27350985221674873,282,0.6945812807881774,226,0.8014184397163121,176,0.43349753694581283,56,0.3181818181818182,0.1352784090909091,0.17504049210354833,0.0,0.905,0.3581911640471551,0.0,1.0,0.05153435837105569,0.6549869276924153,0.593562646322208,32,32,gpt_4o
232,gpt_4o_temp0.6_33_candidate,406,0.10963793103448276,0.2737463054187192,285,0.7019704433497537,224,0.7859649122807018,179,0.4408866995073892,61,0.3407821229050279,0.13855307262569833,0.17538656654315973,0.0,0.914,0.3573669819345241,0.0,1.0,0.05665283439984092,0.6558553411026352,0.6127498367716997,33,33,gpt_4o
233,gpt_4o_temp0.6_34_candidate,406,0.10995566502463053,0.2748152709359606,283,0.6970443349753694,222,0.784452296819788,179,0.4408866995073892,61,0.3407821229050279,0.1428826815642458,0.17564062336567213,0.0,0.889,0.3584866630016377,0.0,1.0,0.053259891431632234,0.648812490931844,0.6277992989836636,34,34,gpt_4o
234,gpt_4o_temp0.6_35_candidate,406,0.11030295566502463,0.27395566502463053,287,0.7068965517241379,224,0.7804878048780488,180,0.4433497536945813,63,0.35,0.1416388888888889,0.17652576066528128,0.0,0.901,0.3580708340152001,0.0,1.0,0.058126979190379235,0.6530997247817651,0.6282120728909141,35,35,gpt_4o
235,gpt_4o_temp0.6_36_candidate,405,0.10961234567901235,0.2738,281,0.6938271604938272,224,0.797153024911032,177,0.43703703703703706,57,0.3220338983050847,0.14354802259887006,0.17528179877952724,0.0,0.897,0.35761275283140326,0.0,1.0,0.05227090079537666,0.6514018004676919,0.630389944691032,36,36,gpt_4o
236,gpt_4o_temp0.6_37_candidate,405,0.10958271604938272,0.27271604938271604,282,0.6962962962962963,224,0.7943262411347518,176,0.4345679012345679,58,0.32954545454545453,0.13858522727272726,0.17518191235773867,0.0,0.889,0.357169636169813,0.0,1.0,0.05998747191218756,0.6581991659245285,0.6270256791380884,37,37,gpt_4o
237,gpt_4o_temp0.6_38_candidate,404,0.1079009900990099,0.27121534653465346,282,0.698019801980198,228,0.8085106382978723,171,0.42326732673267325,54,0.3157894736842105,0.13643859649122805,0.17317056520230292,0.0,0.901,0.3564362949234285,0.0,1.0,0.048506461170950366,0.6596294780897171,0.6123835579320633,38,38,gpt_4o
238,gpt_4o_temp0.6_39_candidate,405,0.10860987654320986,0.27227160493827157,281,0.6938271604938272,223,0.7935943060498221,176,0.4345679012345679,58,0.32954545454545453,0.13817613636363635,0.17378361996782252,0.0,0.902,0.3565423394367132,0.0,1.0,0.05097403357221597,0.6553202604949797,0.6162910046717996,39,39,gpt_4o
239,gpt_4o_temp0.6_40_candidate,404,0.10783663366336635,0.27150495049504947,282,0.698019801980198,227,0.8049645390070922,172,0.42574257425742573,55,0.31976744186046513,0.1409127906976744,0.17292094011212705,0.0,0.876,0.3562976248871792,0.0,1.0,0.04857116672295936,0.6523230579194884,0.6272687296360533,40,40,gpt_4o
240,gpt_4o_temp0.6_41_candidate,404,0.10812128712871287,0.2718861386138614,285,0.7054455445544554,232,0.8140350877192982,171,0.42326732673267325,53,0.30994152046783624,0.13683625730994153,0.17199120010394364,0.0,0.894,0.3563418329175932,0.0,1.0,0.05108729298333581,0.6609058994654182,0.6155787526985957,41,41,gpt_4o
241,gpt_4o_temp0.6_42_candidate,404,0.108759900990099,0.2721881188118812,284,0.7029702970297029,228,0.8028169014084507,172,0.42574257425742573,56,0.32558139534883723,0.1354825581395349,0.17357950863455046,0.0,0.885,0.3570582769327216,0.0,1.0,0.05762203888288109,0.6623685095381755,0.6281527312954649,42,42,gpt_4o
242,gpt_4o_temp0.6_43_candidate,404,0.10804207920792079,0.27282673267326735,283,0.7004950495049505,229,0.8091872791519434,170,0.4207920792079208,54,0.3176470588235294,0.13769411764705883,0.17298482080616281,0.0,0.908,0.35686867634558694,0.0,1.0,0.048436601691229764,0.6581298749257477,0.6189390071005267,43,43,gpt_4o
243,gpt_4o_temp0.6_44_candidate,404,0.10918564356435642,0.27165594059405945,282,0.698019801980198,224,0.7943262411347518,171,0.42326732673267325,58,0.3391812865497076,0.14177192982456138,0.17389464971595114,0.0,0.908,0.3566298979311363,0.0,1.0,0.06064542325729405,0.6495057216183939,0.6430301643764352,44,44,gpt_4o
244,gpt_4o_temp0.6_45_candidate,404,0.10861633663366337,0.2721881188118812,288,0.7128712871287128,229,0.7951388888888888,172,0.42574257425742573,59,0.3430232558139535,0.1418953488372093,0.17333910230118232,0.0,0.914,0.35645040377854376,0.0,1.0,0.05409790544905557,0.6530900516346122,0.6394567557307339,45,45,gpt_4o
245,gpt_4o_temp0.6_46_candidate,404,0.10786881188118813,0.27189108910891086,285,0.7054455445544554,228,0.8,170,0.4207920792079208,57,0.3352941176470588,0.14238823529411765,0.1719723530554259,0.0,0.901,0.3563996991639589,0.0,1.0,0.05653317984692596,0.6526664275990056,0.6491958216223569,46,46,gpt_4o
246,gpt_4o_temp0.6_47_candidate,404,0.10732425742574256,0.27177227722772274,289,0.7153465346534653,230,0.7958477508650519,170,0.4207920792079208,59,0.34705882352941175,0.14266470588235294,0.17182015207507545,0.0,0.903,0.3562154310117037,0.0,1.0,0.050324393610193696,0.6498594274176668,0.6348939067147396,47,47,gpt_4o
247,gpt_4o_temp0.6_48_candidate,404,0.10782673267326733,0.27131930693069306,288,0.7128712871287128,233,0.8090277777777778,170,0.4207920792079208,55,0.3235294117647059,0.1366529411764706,0.17280630626046026,0.0,0.906,0.3563190867852022,0.0,1.0,0.05241459670743387,0.6608708001959978,0.6221737549512505,48,48,gpt_4o
248,gpt_4o_temp0.6_49_candidate,404,0.10677970297029704,0.2710445544554455,285,0.7054455445544554,231,0.8105263157894737,167,0.41336633663366334,54,0.32335329341317365,0.13981437125748503,0.1722888102648748,0.0,0.908,0.3564626790833185,0.0,1.0,0.05171635459911361,0.6528284368694436,0.6367181274435435,49,49,gpt_4o
249,gpt_4o_temp0.6_50_candidate,404,0.10671782178217822,0.2712524752475247,285,0.7054455445544554,231,0.8105263157894737,168,0.4158415841584158,54,0.32142857142857145,0.14405357142857142,0.17124631839421306,0.0,0.9,0.35698940636417964,0.0,1.0,0.04742093214990417,0.6521531258160335,0.6464729576524421,50,50,gpt_4o
